pais,continente,subregion_onu,anio,poblacion,exp_vida,tasa_fertilidad,pib_percap,ingreso_diario_percap,co2_percap,uso_internet,celulares_100,banda_ancha_100,felicidad,corrupcion
Afganistán,Asia,Asia Meridional,2010,28284089,60.46,6.2,2027.15667,4.5003,0.29,4,36.1187,0.0053,47.58,NA
Afganistán,Asia,Asia Meridional,2011,29347708,61.02,6.09,1962.05729,4.3558,0.406,5,47.0152,NA,38.32,NA
Afganistán,Asia,Asia Meridional,2012,30560034,61.43,5.99,2123.87098,4.7151,0.345,5.45,50.1967,0.00491,37.83,8
Afganistán,Asia,Asia Meridional,2013,31622704,61.93,5.88,2166.40197,4.8095,0.28,5.9,53.149,0.00474,35.72,8
Afganistán,Asia,Asia Meridional,2014,32792523,61.93,5.77,2145.50045,4.7631,0.253,7,56.1322,0.00457,31.31,12
Afganistán,Asia,Asia Meridional,2015,33831764,61.91,5.65,2109.74748,4.6837,0.262,8.26,58.256,0.02089,39.83,11
Afganistán,Asia,Asia Meridional,2016,34700612,62.03,5.54,2102.45192,4.6675,0.245,11,62.2553,0.02536,42.2,15
Afganistán,Asia,Asia Meridional,2017,35688935,62.9,5.43,2097.12023,4.6557,0.247,13.5,67.0508,0.02573,26.62,15
Afganistán,Asia,Asia Meridional,2018,36743039,62.73,5.33,2061.70875,4.5771,0.254,16.8,59.8109,0.04354,26.94,16
Afganistán,Asia,Asia Meridional,2019,37856121,63.33,5.24,2080.94106,4.6197,0.261,17.6,59.6471,0.05199,23.75,16
Afganistán,Asia,Asia Meridional,2020,39068979,62.34,5.15,1969.30552,4.3719,0.261,17,58.0461,0.06801,NA,19
Afganistán,Asia,Asia Meridional,2021,40000412,61.75,5.04,1517.01627,3.3695,0.279,16.5,56.6945,0.06642,24.36,16
Angola,África,África Subsahariana,2010,23294825,60.21,6.19,7689.82074,6.293,1.237,2.8,40.3668,0.06439,NA,NA
Angola,África,África Subsahariana,2011,24218352,60.84,6.12,7663.28605,6.1854,1.253,4.7,49.8515,0.065310000000000007,55.89,NA
Angola,África,África Subsahariana,2012,25177394,61.44,6.04,8011.05009,6.0797,1.347,7.7,50.7801,0.08147,43.6,22
Angola,África,África Subsahariana,2013,26165620,62.13,5.95,8099.67883,5.9757,1.278,13,50.7735,0.08516,39.37,23
Angola,África,África Subsahariana,2014,27160769,63.01,5.86,8183.16458,5.8736,1.644,21.4,51.7384,0.32308,37.95,19
Angola,África,África Subsahariana,2015,28157798,63.52,5.77,7966.88556,5.7732,1.22,22,49.3097,0.54539,NA,15
Angola,África,África Subsahariana,2016,29183070,63.87,5.69,7487.9251,5.6745,1.184,23.2,44.5502,0.29032,NA,18
Angola,África,África Subsahariana,2017,30234839,64.24,5.6,7216.06137,5.5775,1.145,26,44.0682,0.32055,NA,19
Angola,África,África Subsahariana,2018,31297155,64.63,5.52,6878.59003,5.4822,1.122,29,42.4589,0.35007,NA,19
Angola,África,África Subsahariana,2019,32375632,65.08,5.44,6602.26921,5.2619,1.145,32.1,45.8065,0.36777,NA,26
Angola,África,África Subsahariana,2020,33451132,64.88,5.37,6029.69189,4.8056,1.123,36.6,43.7804,0.36326,NA,27
Angola,África,África Subsahariana,2021,34532429,64.24,5.3,5911.83566,4.7117000000000004,1.201,39.4,44.3869,0.39093,NA,29
Albania,Europa,Europa Meridional,2010,2928722,78.13,1.65,10749.46643,9.7742,2.262,45,91.9299,3.60359,52.69,NA
Albania,Europa,Europa Meridional,2011,2911504,78.13,1.68,11052.77793,9.6449,2.449,47,106.474,4.40357,58.67,NA
Albania,Europa,Europa Meridional,2012,2910004,78.22,1.72,11227.95041,9.5172,2.367,49.4,120.275,5.5013,55.1,33
Albania,Europa,Europa Meridional,2013,2907573,78.28,1.74,11361.25249,9.8243,2.266,51.8,126.772,6.27864,45.51,31
Albania,Europa,Europa Meridional,2014,2903749,78.21,1.72,11586.81745,10.1413,2.246,54.3,115.701,7.16191,48.14,33
Albania,Europa,Europa Meridional,2015,2898632,78.14,1.63,11878.4376,12.0554,2.041,56.9,117.33,8.37878,46.07,36
Albania,Europa,Europa Meridional,2016,2897867,78.23,1.56,12291.84206,11.2465,2.013,59.6,116.284,9.19224,45.11,39
Albania,Europa,Europa Meridional,2017,2898242,78.33,1.49,12770.99186,11.4111,2.127,62.4,125.1,10.4757,46.4,38
Albania,Europa,Europa Meridional,2018,2894231,78.44,1.42,13317.11926,12.1069,2.078,65.4,93.8031,12.5058,50.04,36
Albania,Europa,Europa Meridional,2019,2885010,78.5,1.4,13653.18221,13.7498,2.051,68.6,91.1635,15.1193,49.95,35
Albania,Europa,Europa Meridional,2020,2871954,76.23,1.37,13278.36977,13.9522,2.004,72.2,91.1881,17.7209,53.65,36
Albania,Europa,Europa Meridional,2021,2849635,75.71,1.37,14595.94439,15.3366,2.124,79.3,92.4843,19.6304,52.55,35
Andorra,Europa,Europa Meridional,2010,80706,81.85,1.28,60467.086,66.4518,6.122,81,81.1526,30.3596,NA,NA
Andorra,Europa,Europa Meridional,2011,77783,81.91,1.32,60911.089,66.9398,5.867,81,83.6224,33.1216,NA,NA
Andorra,Europa,Europa Meridional,2012,76834,81.94,1.26,57892.718,63.6227,5.917,82.7,83.1208,35.017,NA,NA
Andorra,Europa,Europa Meridional,2013,75194,81.95,1.14,55672.916,61.1831,5.902,84.4,85.0214,36.8833,NA,NA
Andorra,Europa,Europa Meridional,2014,73737,81.97,1.17,56578.793,62.1787,5.833,86.1,89.8341,39.017,NA,NA
Andorra,Europa,Europa Meridional,2015,72174,82.01,1.22,56460.538,62.0487,5.971,87.9,98.8389,42.5278,NA,NA
Andorra,Europa,Europa Meridional,2016,72181,82.06,1.18,57455.308,63.142,6.073,89.7,105.474,45.0118,NA,NA
Andorra,Europa,Europa Meridional,2017,73763,82.11,1.13,56352.197,61.9297,6.268,91.6,108.912,46.4786,NA,NA
Andorra,Europa,Europa Meridional,2018,75162,82.14,1.05,56208.168,61.7714,6.12,NA,109.915,47.4482,NA,NA
Andorra,Europa,Europa Meridional,2019,76474,82.19,1.05,56330.948,61.9063,6.058,90.7,114.953,47.543,NA,NA
Andorra,Europa,Europa Meridional,2020,77380,78.25,1.03,49728.236,54.6501,5.631,93.2,103.877,48.656,NA,NA
Andorra,Europa,Europa Meridional,2021,78364,79.58,1.06,52819.99,58.0479,5.969,93.9,119.688,50.2769,NA,NA
Emiratos Árabes Unidos,Asia,Asia Occidental,2010,6938363,70.77,1.57,56388.81337,63.5156,23.856,68,157.473,11.3401,70.97,NA
Emiratos Árabes Unidos,Asia,Asia Occidental,2011,7199423,70.96,1.54,59241.41557,67.1763,25.352,78,162.894,12.0422,71.19,NA
Emiratos Árabes Unidos,Asia,Asia Occidental,2012,7497118,71.15,1.53,59697.36052,69.6559,26.154,85,183.741,12.7381,72.18,68
Emiratos Árabes Unidos,Asia,Asia Occidental,2013,7831847,71.64,1.53,62092.83182,72.451,26.97,88,205.105,13.3038,66.21,69
Emiratos Árabes Unidos,Asia,Asia Occidental,2014,8236874,73.01,1.48,64063.78403,73.6739,26.789,90.4,204.192,13.2546,65.4,70
Emiratos Árabes Unidos,Asia,Asia Occidental,2015,8674633,73.18,1.42,67790.60361,74.9176,26.975,90.5,206.839,14.2305,65.68,70
Emiratos Árabes Unidos,Asia,Asia Occidental,2016,9030873,73.36,1.37,70945.24301,76.1822,26.676,90.6,220.412,14.3683,68.31,66
Emiratos Árabes Unidos,Asia,Asia Occidental,2017,9234327,73.53,1.35,70883.28931,77.4682,23.851,94.8,214.701,29.9083,70.39,71
Emiratos Árabes Unidos,Asia,Asia Occidental,2018,9346870,73.72,1.29,71249.92596,78.7759,23.464,98.5,214.842,32.3591,66.04,70
Emiratos Árabes Unidos,Asia,Asia Occidental,2019,9377847,73.9,1.25,71480.55237,79.0309,21.242,99.2,209.033,32.4803,67.11,71
Emiratos Árabes Unidos,Asia,Asia Occidental,2020,9448524,73.18,1.29,67383.97009,74.5016,19.74,100,194.468,34.3453,64.58,71
Emiratos Árabes Unidos,Asia,Asia Occidental,2021,9789048,72.96,1.16,69733.79377,76.7757,20.707,100,186.301,36.5005,67.33,69
Argentina,Américas,América Latina y el Caribe,2010,41288694,75.94,2.41,23442.21118,23.1316,4.173,45,138.252,9.75627,64.41,NA
Argentina,Américas,América Latina y el Caribe,2011,41730660,76.04,2.39,24564.78439,24.2393,4.556,51,145.511,10.956,67.76,NA
Argentina,Américas,América Latina y el Caribe,2012,42161721,76.17,2.3,24037.79989,23.7193,4.5,55.8,152.574,12.2115,64.68,35
Argentina,Américas,América Latina y el Caribe,2013,42582455,76.27,2.34,24342.04276,24.0195,4.66,59.9,158.191,14.6798,65.82,34
Argentina,Américas,América Latina y el Caribe,2014,43024071,76.47,2.39,23470.94316,23.16,4.305,64.7,142.325,15.153,66.71,34
Argentina,Américas,América Latina y el Caribe,2015,43477012,76.5,2.35,23853.44074,23.5374,4.6,68,142.241,15.7689,66.97,32
Argentina,Américas,América Latina y el Caribe,2016,43900313,76.24,2.24,23111.58349,22.8054,4.267,71,145.147,16.5185,64.27,36
Argentina,Américas,América Latina y el Caribe,2017,44288894,76.28,2.17,23517.80382,23.2062,4.313,74.3,139.758,17.7082,60.39,39
Argentina,Américas,América Latina y el Caribe,2018,44654882,76.48,2.07,22670.7843,22.3704,3.946,77.7,131.224,18.9759,57.93,40
Argentina,Américas,América Latina y el Caribe,2019,44973465,76.58,1.88,21997.56119,21.7061,3.718,79.9,125.303,19.5519,60.86,45
Argentina,Américas,América Latina y el Caribe,2020,45191965,75.2,1.6,19628.36375,19.3591,3.516,85.5,121.181,21.1798,59.01,42
Argentina,Américas,América Latina y el Caribe,2021,45312281,74.7,1.59,21527.19614,21.1706,3.771,87.2,130.353,23.15,59.08,38
Armenia,Asia,Asia Occidental,2010,2931078,73.91,1.59,9060.21602,7.1184,1.785,25,131.875,3.19289,43.68,NA
Armenia,Asia,Asia Occidental,2011,2923271,74.2,1.62,9542.13057,7.2667,1.79,32,109.85,5.49292,42.6,NA
Armenia,Asia,Asia Occidental,2012,2922528,74.57,1.65,10280.24976,7.5278,2.227,37.5,113.697,7.25581,43.2,34
Armenia,Asia,Asia Occidental,2013,2922518,75.06,1.67,10667.21169,7.8109,2.074,41.9,114.5,8.31673,42.77,36
Armenia,Asia,Asia Occidental,2014,2922422,75.19,1.66,11095.03578,8.0112,2.004,54.6,118.365,9.33763,44.53,37
Armenia,Asia,Asia Occidental,2015,2921177,75.11,1.62,11495.16372,8.5882,2.033,59.1,118.599,9.80149,43.48,35
Armenia,Asia,Asia Occidental,2016,2918793,75.26,1.63,11569.4381,9.0412,1.916,64.3,117.671,10.2498,43.25,33
Armenia,Asia,Asia Occidental,2017,2914963,75.54,1.56,12497.81575,8.7964,2.02,64.7,119.676,10.8173,42.88,35
Armenia,Asia,Asia Occidental,2018,2909965,75.63,1.57,13218.92499,8.7943,2.49,68.2,123,11.9399,50.62,35
Armenia,Asia,Asia Occidental,2019,2903972,75.73,1.6,14304.02021,7.9063,2.447,66.5,124.614,13.2819,54.88,42
Armenia,Asia,Asia Occidental,2020,2890892,72.45,1.62,13345.07164,7.4731,2.573,76.5,120.682,14.8884,NA,49
Armenia,Asia,Asia Occidental,2021,2870349,72.32,1.71,14193.11683,7.7792,2.727,78.6,125.395,16.2566,53.01,49
Antigua y Barbuda,Américas,América Latina y el Caribe,2010,85320,75.92,1.79,20076.02013,18.4191,5.957,47,196.871,8.34388,NA,NA
Antigua y Barbuda,Américas,América Latina y el Caribe,2011,86332,75.95,1.75,19448.12474,17.843,5.752,52,203.873,6.94991,NA,NA
Antigua y Barbuda,Américas,América Latina y el Caribe,2012,87260,76.02,1.66,19887.38481,18.2461,5.8,58,145.979,14.9782,NA,NA
Antigua y Barbuda,Américas,América Latina y el Caribe,2013,88064,76.11,1.54,19584.0815,17.9678,5.73,63.4,129.858,17.7678,NA,NA
Antigua y Barbuda,Américas,América Latina y el Caribe,2014,88765,75.97,1.53,19851.40372,18.4953,5.705,67.8,135.235,12.1151,NA,NA
Antigua y Barbuda,Américas,América Latina y el Caribe,2015,89409,75.97,1.57,19980.43393,19.0523,5.839,70,196.848,11.1846,NA,NA
Antigua y Barbuda,Américas,América Latina y el Caribe,2016,89969,76.02,1.46,20656.50218,19.9612,5.897,71,200.069,10.2935,NA,NA
Antigua y Barbuda,Américas,América Latina y el Caribe,2017,90468,76.09,1.49,21036.42395,20.4635,5.892,72,203.387,9.94827,NA,NA
Antigua y Barbuda,Américas,América Latina y el Caribe,2018,90926,76.21,1.37,22374.62981,21.739,5.882,73,NA,NA,NA,NA
Antigua y Barbuda,Américas,América Latina y el Caribe,2019,91364,76.29,1.47,22945.38456,22.5624,5.86,74,201.392,8.75618,NA,NA
Antigua y Barbuda,Américas,América Latina y el Caribe,2020,91846,76.43,1.57,18503.32973,18.5036,5.441,75,200.335,8.71023,NA,NA
Antigua y Barbuda,Américas,América Latina y el Caribe,2021,92349,76.1,1.58,19899.88243,19.5991,5.822,76.1,199.244,8.66279,NA,NA
Australia,Oceanía,Australia y Nueva Zelanda,2010,22141581,82.12,1.95,45030.70025,61.0759,17.881,76,101.619,24.8853,74.5,NA
Australia,Oceanía,Australia y Nueva Zelanda,2011,22479775,82.28,1.92,45479.12136,62.1036,17.54,79.5,105.824,24.6978,74.06,NA
Australia,Oceanía,Australia y Nueva Zelanda,2012,22852644,82.56,1.93,46443.24511,63.1487,17.584,79,106.5,25.0956,71.96,85
Australia,Oceanía,Australia y Nueva Zelanda,2013,23236270,82.71,1.88,46840.47484,64.2113,16.376,83.5,107.332,25.7399,73.64,81
Australia,Oceanía,Australia y Nueva Zelanda,2014,23595601,82.72,1.81,47350.24009,65.2917,16.167,84,106.206,27.7001,72.89,80
Australia,Oceanía,Australia y Nueva Zelanda,2015,23948002,82.73,1.8,47701.31317,64.5335,15.964,84.6,107.608,28.5118,73.09,79
Australia,Oceanía,Australia y Nueva Zelanda,2016,24329963,82.95,1.79,48267.17755,63.7841,15.308,86.5,109.129,30.3083,72.5,79
Australia,Oceanía,Australia y Nueva Zelanda,2017,24731038,83,1.75,48579.70522,64.1955,15.285,86.5,107.8,32.0326,72.57,77
Australia,Oceanía,Australia y Nueva Zelanda,2018,25119706,82.9,1.74,49249.30133,64.6096,14.55,90,110.033,33.5486,71.77,77
Australia,Oceanía,Australia y Nueva Zelanda,2019,25482714,82.89,1.67,49585.42335,65.0394,14.231,93.6,109.753,34.5434,72.34,77
Australia,Oceanía,Australia y Nueva Zelanda,2020,25743791,84.11,1.59,48813.65782,64.208,13.736,94.7,104.93,35.3468,71.37,77
Australia,Oceanía,Australia y Nueva Zelanda,2021,25956417,84.31,1.65,49774.3407,65.56,13.662,97,105.119,35.836,71.12,73
Austria,Europa,Europa Occidental,2010,8365092,80.79,1.44,52136.12358,63.0925,12.04,75.2,146.334,24.5114,73.03,NA
Austria,Europa,Europa Occidental,2011,8393270,81,1.43,53479.38386,61.9094,12.227,78.7,155.155,24.9926,74.71,NA
Austria,Europa,Europa Occidental,2012,8431601,81.15,1.44,53598.34906,60.4941,11.754,80,161.156,25.2645,74.01,69
Austria,Europa,Europa Occidental,2013,8481406,81.33,1.44,53296.96611,63.458,11.129,80.6,156.483,26.3223,74.99,69
Austria,Europa,Europa Occidental,2014,8547817,81.51,1.46,53231.74626,62.4797,11.145,81,151.531,27.5977,69.5,72
Austria,Europa,Europa Occidental,2015,8644039,81.57,1.49,53172.37147,62.2456,10.265,83.9,155.837,28.4069,70.76,76
Austria,Europa,Europa Occidental,2016,8737915,81.78,1.53,53646.91847,65.0652,10.551,84.3,126.798,28.8776,70.48,75
Austria,Europa,Europa Occidental,2017,8798778,82,1.52,54478.83416,64.1948,10.401,87.9,123.415,28.5426,72.94,75
Austria,Europa,Europa Occidental,2018,8841650,82.12,1.48,55529.02976,64.8673,10.277,87.5,124.23,28.515,73.96,76
Austria,Europa,Europa Occidental,2019,8880876,82.16,1.46,56084.54603,66.1682,10.008,87.8,120.776,28.3632,71.95,77
Austria,Europa,Europa Occidental,2020,8921405,81.76,1.44,52147.50852,66.3399,9.069,87.5,120.132,29.2106,72.13,76
Austria,Europa,Europa Occidental,2021,8967057,81.84,1.47,54121.14554,69.0614,9.293,92.5,121.358,29.2537,70.8,74
Azerbaiyán,Asia,Asia Occidental,2010,9146851,68.98,1.92,14082.23815,18.6943,3.318,46,99.489,5.19627,42.19,NA
Azerbaiyán,Asia,Asia Occidental,2011,9256150,69.24,1.98,13913.83669,18.4707,3.441,50,109.334,10.5213,46.8,NA
Azerbaiyán,Asia,Asia Occidental,2012,9376181,69.5,2.14,14027.46879,18.6216,3.752,54.2,107.989,14.6072,49.11,27
Azerbaiyán,Asia,Asia Occidental,2013,9504409,69.74,2.15,14651.69397,19.4502,3.778,73,106.583,18.0146,54.81,28
Azerbaiyán,Asia,Asia Occidental,2014,9631138,69.93,2.13,14867.94373,19.7373,3.82,75,109.567,19.7076,52.52,29
Azerbaiyán,Asia,Asia Occidental,2015,9752850,70.15,2.09,14852.61171,19.7169,3.756,77,109.682,19.4759,51.47,29
Azerbaiyán,Asia,Asia Occidental,2016,9868428,70.3,2.03,14232.19262,18.8933,3.561,78.2,103.248,18.2771,53.04,30
Azerbaiyán,Asia,Asia Occidental,2017,9968510,70.43,1.96,14121.40694,18.7463,3.394,79,101.59,18.1092,51.52,31
Azerbaiyán,Asia,Asia Occidental,2018,10039784,70.77,1.91,14209.59317,18.8633,3.473,79.8,102.987,18.8342,51.68,25
Azerbaiyán,Asia,Asia Occidental,2019,10110475,71,1.85,14442.04087,19.1719,3.697,81.1,106.328,19.2178,51.73,30
Azerbaiyán,Asia,Asia Occidental,2020,10181730,64.94,1.76,13726.76966,18.2224,3.785,84.6,101.597,19.5986,NA,30
Azerbaiyán,Asia,Asia Occidental,2021,10234371,67.37,1.71,14433.90421,19.1611,3.881,86,105.694,20.0857,NA,30
Burundi,África,África Subsahariana,2010,9376444,58.55,6.26,804.35494,2.1655,0.036,1,17.8962,0.00375,NA,NA
Burundi,África,África Subsahariana,2011,9717978,59.35,6.11,807.66496,2.2063,0.047,1.11,19.7015,0.00511,37.06,NA
Burundi,África,África Subsahariana,2012,10071028,60.17,5.99,814.32077,2.2479,0.041,1.22,22.3128,0.00697,NA,19
Burundi,África,África Subsahariana,2013,10439341,60.84,5.89,824.61052,2.2903,0.042,1.26,24.3007,0.01469,NA,21
Burundi,África,África Subsahariana,2014,10799785,61.39,5.79,831.29484,2.3088,0.038,1.04,29.5678,0.01574,29.05,20
Burundi,África,África Subsahariana,2015,11047580,61.75,5.7,781.57929,2.1708,0.039,2,45.2379,0.02508,NA,21
Burundi,África,África Subsahariana,2016,11239451,62.37,5.59,764.3366,2.1229,0.046,2.2,47.6697,0.02887,NA,20
Burundi,África,África Subsahariana,2017,11506762,62.95,5.48,750.78762,2.0852,0.047,2.66,51.4533,0.03401,NA,22
Burundi,África,África Subsahariana,2018,11859446,63.4,5.38,740.44822,2.0565,0.047,4,53.2737,0.03318,37.75,17
Burundi,África,África Subsahariana,2019,12255336,63.83,5.27,729.65846,2.0266,0.048,6.1,53.2996,0.03175,NA,19
Burundi,África,África Subsahariana,2020,12617036,63.03,5.18,711.35526,1.9757,0.047,9.17,52.5571,0.03353,NA,19
Burundi,África,África Subsahariana,2021,12965481,63.13,5.08,714.06671,1.9833,0.05,11,59.7008,0.03049,NA,19
Bélgica,Europa,Europa Occidental,2010,10936626,80.23,1.85,47637.12539,54.3218,19.748,77.6,111.132,30.8426,68.54,NA
Bélgica,Europa,Europa Occidental,2011,11038631,80.4,1.81,47818.16294,52.9982,19.943,81.6,113.202,32.1032,71.11,NA
Bélgica,Europa,Europa Occidental,2012,11107518,80.48,1.78,47873.82451,54.504,18.919,80.7,110.856,33.2388,69.35,75
Bélgica,Europa,Europa Occidental,2013,11160276,80.67,1.75,47867.52988,54.3907,18.853,82.2,110.349,34.3085,71.04,75
Bélgica,Europa,Europa Occidental,2014,11210119,81.03,1.73,48407.76077,55.043,18.929,85,113.6,35.782,68.55,76
Bélgica,Europa,Europa Occidental,2015,11275335,81.09,1.69,49110.58984,55.6945,18.446,85.1,113.292,36.5492,69.04,77
Bélgica,Europa,Europa Occidental,2016,11332701,81.31,1.68,49481.50686,55.0924,18.302,86.5,110.749,37.6813,69.49,77
Bélgica,Europa,Europa Occidental,2017,11376581,81.38,1.64,50089.56839,55.7017,17.546,87.7,99.8304,38.4911,69.28,75
Bélgica,Europa,Europa Occidental,2018,11428605,81.4,1.62,50756.08635,57.0079,18.074,88.6,100.164,39.4007,68.92,75
Bélgica,Europa,Europa Occidental,2019,11490618,81.41,1.61,51613.73919,58.9865,17.334,90.3,100.165,39.9518,67.72,75
Bélgica,Europa,Europa Occidental,2020,11540107,80.37,1.58,48665.70187,58.7478,15.308,91.5,99.9101,41.024,68.39,76
Bélgica,Europa,Europa Occidental,2021,11570844,81.45,1.6,51823.50753,62.1479,17.099,92.8,101.463,43.0218,68.82,73
Benin,África,África Subsahariana,2010,9797484,61.1,5.45,2634.13473,2.965,0.761,3.13,72.2115,0.27593,NA,NA
Benin,África,África Subsahariana,2011,10093623,61.41,5.44,2633.93906,2.9958,0.923,4.15,76.9318,0.37187,38.7,NA
Benin,África,África Subsahariana,2012,10397657,61.72,5.43,2681.35166,2.9978,0.727,4.5,80.8629,0.40164,31.93,36
Benin,África,África Subsahariana,2013,10708834,62.02,5.41,2792.0273,2.9998,0.764,4.9,89.9019,0.39665,34.79,36
Benin,África,África Subsahariana,2014,11030004,62.32,5.37,2883.8991,3.0018,0.721,6,78.517,0.41178,33.47,39
Benin,África,África Subsahariana,2015,11360681,62.64,5.32,2849.8205,3.0038,0.714,11.3,82.0193,0.64488,36.25,37
Benin,África,África Subsahariana,2016,11697842,63.02,5.25,2859.39169,3.477,0.678,14.5,76.0182,0.19062,40.07,36
Benin,África,África Subsahariana,2017,12039780,63.41,5.16,2933.83756,4.0246,0.66,18.7,72.8671,0.23767,48.53,39
Benin,África,África Subsahariana,2018,12383347,63.96,5.03,3040.16754,4.6585,0.659,19,76.408,0.21831,58.2,40
Benin,África,África Subsahariana,2019,12726755,64.49,4.9,3156.43896,4.8367000000000004,0.606,20.5,81.3235,0.19986,49.76,41
Benin,África,África Subsahariana,2020,13070169,64.1,4.8,3186.48629,4.8827,0.65,22.1,85.2391,0.22939,44.08,41
Benin,África,África Subsahariana,2021,13413417,63.82,4.71,3321.55217,5.0897,0.696,28.2,94.9183,0.15417,44.93,42
Burkina Faso,África,África Subsahariana,2010,16176498,57.94,5.94,1656.89937,2.9205,0.201,2.4,35.2848,0.08472,40.36,NA
Burkina Faso,África,África Subsahariana,2011,16661908,58.31,5.87,1714.93569,3.006,0.174,3,46.1058,0.0844,47.85,NA
Burkina Faso,África,África Subsahariana,2012,17172287,58.6,5.79,1771.07568,3.0941,0.199,3.73,58.0942,0.08344,39.55,38
Burkina Faso,África,África Subsahariana,2013,17695409,58.94,5.7,1818.13839,3.1847,0.217,5,63.5243,0.07325,33.26,38
Burkina Faso,África,África Subsahariana,2014,18229461,59.43,5.6,1841.11959,3.278,0.216,6,68.5396,0.02967,34.81,38
Burkina Faso,África,África Subsahariana,2015,18777487,59.9,5.48,1857.28068,3.5049,0.258,6.55,76.9373,0.04981,44.19,38
Burkina Faso,África,África Subsahariana,2016,19334856,60.34,5.33,1911.02106,3.7476,0.245,7.14,79.6698,0.06405,42.06,42
Burkina Faso,África,África Subsahariana,2017,19894407,60.83,5.17,1972.23598,4.007,0.262,7.79,90.2081,0.06213,46.47,42
Burkina Faso,África,África Subsahariana,2018,20438288,61.29,4.92,2045.08077,4.2844,0.279,8.5,94.622,0.06761,49.27,41
Burkina Faso,África,África Subsahariana,2019,20961952,61.67,4.68,2107.75133,4.4073,0.291,9.27,97.1499,0.05732,47.41,40
Burkina Faso,África,África Subsahariana,2020,21478690,61.36,4.44,2093.0912,4.3732,0.28,10.8,102.973,0.06508,46.4,40
Burkina Faso,África,África Subsahariana,2021,21995243,60.88,4.36,2179.78904,4.5529,0.3,12.6,112.198,0.07407,46.36,42
Bangladesh,Asia,Asia Meridional,2010,152201981,70.04,2.38,3395.36479,4.0829,0.353,3.7,44.6275,0.27238,48.58,NA
Bangladesh,Asia,Asia Meridional,2011,153591076,71.14,2.31,3571.05865,4.1457,0.356,4.5,54.9307,0.30503,49.86,NA
Bangladesh,Asia,Asia Meridional,2012,155070101,72.26,2.26,3756.93193,4.2095,0.4,5,62.6684,0.38722,47.24,26
Bangladesh,Asia,Asia Meridional,2013,156532141,72.81,2.25,3932.70833,4.2743,0.392,6.63,74.4595,0.97445,46.6,27
Bangladesh,Asia,Asia Meridional,2014,157964929,73.05,2.23,4119.42464,4.3401,0.667,11.9,80.3128,1.95814,46.36,25
Bangladesh,Asia,Asia Meridional,2015,159383179,73.59,2.23,4337.3859,4.4069,0.457,12.9,82.4276,3.06992,46.33,25
Bangladesh,Asia,Asia Meridional,2016,160811932,73.91,2.23,4589.09353,4.4747,0.703,18.1,84.5595,4.09944,45.56,26
Bangladesh,Asia,Asia Meridional,2017,162186147,73.9,2.21,4830.77608,4.5493,0.745,21.5,93.069,4.50131,43.1,28
Bangladesh,Asia,Asia Meridional,2018,163523103,74.24,2.19,5124.49875,4.6252,0.775,25.6,98.9289,4.92462,44.99,26
Bangladesh,Asia,Asia Meridional,2019,164913055,74.55,2.18,5467.20795,4.7024,0.826,30.4,100.4,4.90289,51.14,26
Bangladesh,Asia,Asia Meridional,2020,166298024,73.7,2.18,5591.37378,4.7808,0.803,36.1,106.002,6.04506,52.8,26
Bangladesh,Asia,Asia Meridional,2021,167658854,74.12,2.17,5911.013,4.8605,0.828,38.9,110.012,6.64247,41.23,26
Bulgaria,Europa,Europa Oriental,2010,7437599,72.34,1.57,18169.71232,17.4006,5.905,46.2,137.14,15.1221,39.12,NA
Bulgaria,Europa,Europa Oriental,2011,7380025,72.65,1.51,18668.8181,16.1228,6.212,48,141.938,17.0297,38.75,NA
Bulgaria,Europa,Europa Oriental,2012,7317014,73,1.5,18917.87245,16.9494,5.857,51.9,147.338,18.2007,42.22,41
Bulgaria,Europa,Europa Oriental,2013,7264600,73.27,1.48,18920.78937,18.9267,5.133,53.1,144.355,19.5682,39.93,41
Bulgaria,Europa,Europa Oriental,2014,7223449,73.04,1.53,19209.30646,20.1731,5.273,55.5,131.335,20.5011,44.38,43
Bulgaria,Europa,Europa Oriental,2015,7177517,73.24,1.53,19989.091230000002,19.2538,5.543,56.7,128.103,22.4944,48.65,41
Bulgaria,Europa,Europa Oriental,2016,7127434,73.31,1.54,20739.03772,23.0084,5.455,59.8,125.906,23.8177,48.38,41
Bulgaria,Europa,Europa Oriental,2017,7075636,73.34,1.56,21464.73305,22.896,5.713,63.4,120.596,25.3925,50.97,43
Bulgaria,Europa,Europa Oriental,2018,7024745,73.3,1.56,22202.93314,26.5496,5.704,64.8,119.395,27.1034,50.99,42
Bulgaria,Europa,Europa Oriental,2019,6975469,73.35,1.58,23262.03125,27.4294,5.597,67.9,116.617,28.8837,51.08,43
Bulgaria,Europa,Europa Oriental,2020,6933652,71.96,1.56,22473.9165,30.8796,5.201,70.2,114.597,30.5043,55.98,44
Bulgaria,Europa,Europa Oriental,2021,6877225,70.16,1.59,24393.77553,33.5091,5.882,75.3,114.912,32.7688,54.22,42
Bahrein,Asia,Asia Occidental,2010,1213244,74.96,1.99,45635.31442,46.74,14.831,55,129.158,12.7684,59.37,NA
Bahrein,Asia,Asia Occidental,2011,1206728,75.32,2.03,46600.70472,47.7288,10.197,77,140.351,24.158,48.24,NA
Bahrein,Asia,Asia Occidental,2012,1216303,75.73,2.11,47830.47467,48.9883,10.049,88,174.62,24.2856,50.27,51
Bahrein,Asia,Asia Occidental,2013,1257203,76.16,2.17,48953.34092,50.1383,9.969,90,175.802,23.8669,66.9,48
Bahrein,Asia,Asia Occidental,2014,1312848,76.57,2.15,49155.95593,50.3459,11.034,90.5,177.4,21.9044,61.65,49
Bahrein,Asia,Asia Occidental,2015,1369650,76.75,2.11,48669.87466,49.665,13.296,93.5,183.92,18.4749,60.07,51
Bahrein,Asia,Asia Occidental,2016,1429604,76.8,2.04,48662.80471,49.6984,12.623,98,209.489,16.2552,61.7,43
Bahrein,Asia,Asia Occidental,2017,1481995,76.76,1.98,48881.90032,50.1526,13.038,95.9,159.547,13.1015,62.27,36
Bahrein,Asia,Asia Occidental,2018,1497626,76.98,1.91,48975.48845,50.161,12.925,98.6,139.735,8.43442,NA,36
Bahrein,Asia,Asia Occidental,2019,1485670,77.03,1.84,49807.4469,51.0131,13.886,99.7,129.143,9.49013,70.98,42
Bahrein,Asia,Asia Occidental,2020,1483077,76.22,1.86,48031.51327,49.1942,14.694,99.7,119.412,10.1824,61.73,42
Bahrein,Asia,Asia Occidental,2021,1501764,75.82,1.85,49754.04774,50.9978,15.723,100,128.079,16.5058,NA,42
Bahamas,Américas,América Latina y el Caribe,2010,367478,73.24,1.84,33935.70015,33.9186,6.726,43,116.572,6.72204,NA,NA
Bahamas,Américas,América Latina y el Caribe,2011,371729,73.22,1.79,33721.17612,33.7043,5.007,65,80.3784,4.16863,NA,NA
Bahamas,Américas,América Latina y el Caribe,2012,375469,73.3,1.76,34358.38475,34.3708,5.245,71.7,79.9001,20.7554,NA,71
Bahamas,Américas,América Latina y el Caribe,2013,378953,73.5,1.74,33064.00172,33.076,7.82,72,75.735,19.129,NA,71
Bahamas,Américas,América Latina y el Caribe,2014,382298,73.59,1.69,33373.53985,33.3856,6.342,76.9,82.3551,20.1853,NA,71
Bahamas,Américas,América Latina y el Caribe,2015,385346,73.35,1.57,33400.11453,33.4122,5.39,78,80.7521,21.0247,NA,NA
Bahamas,Américas,América Latina y el Caribe,2016,388055,73.68,1.5,32804.91651,33.1133,4.725,80,92.8219,21.9371,NA,66
Bahamas,Américas,América Latina y el Caribe,2017,390485,73.77,1.42,33466.03168,33.6544,4.718,80.6,90.5387,22.2462,NA,65
Bahamas,Américas,América Latina y el Caribe,2018,392717,73.84,1.4,34099.51918,33.9251,4.704,83,98.9789,20.6785,NA,65
Bahamas,Américas,América Latina y el Caribe,2019,394675,73.36,1.4,33416.28214,33.452,4.687,90.7,107.812,20.8513,NA,64
Bahamas,Américas,América Latina y el Caribe,2020,395863,74.88,1.39,26133.71603,25.4676,4.352,92.4,117.717,20.9668,NA,63
Bahamas,Américas,América Latina y el Caribe,2021,396373,73.77,1.38,30053.03239,29.6883,4.657,94.3,100.257,20.7423,NA,64
Bosnia y Herzegovina,Europa,Europa Meridional,2010,3811472,76.31,1.26,10636.23509,21.4376,5.711,42.8,81.6019,10.2559,46.69,NA
Bosnia y Herzegovina,Europa,Europa Meridional,2011,3741798,76.43,1.21,10933.21381,21.1846,6.495,43.9,84.7529,11.4984,49.95,NA
Bosnia y Herzegovina,Europa,Europa Meridional,2012,3670113,76.66,1.25,11046.30034,21.4037,6.146,45.1,91.4833,12.7897,47.73,42
Bosnia y Herzegovina,Europa,Europa Meridional,2013,3610859,76.64,1.28,11483.43515,22.2507,6.159,48.5,96.6063,14.2931,51.24,42
Bosnia y Herzegovina,Europa,Europa Meridional,2014,3564829,76.67,1.26,11767.16239,22.8005,5.55,49.9,97.9342,15.2155,52.49,39
Bosnia y Herzegovina,Europa,Europa Meridional,2015,3518541,76.47,1.32,12437.69102,24.0998,5.388,52.6,97.8678,18.0469,51.17,38
Bosnia y Herzegovina,Europa,Europa Meridional,2016,3473003,76.66,1.36,13000.82155,25.1909,6.423,60.3,98.0144,19.0748,51.81,39
Bosnia y Herzegovina,Europa,Europa Meridional,2017,3428682,76.83,1.42,13582.39853,26.3178,6.504,64.9,100.333,20.4261,50.9,38
Bosnia y Herzegovina,Europa,Europa Meridional,2018,3387000,76.87,1.5,14267.74438,27.6457,6.525,70.1,102.187,21.1505,58.87,38
Bosnia y Herzegovina,Europa,Europa Meridional,2019,3345533,76.96,1.51,14851.88235,28.7776,6.445,69.9,112.255,22.295,60.16,36
Bosnia y Herzegovina,Europa,Europa Meridional,2020,3299349,75.95,1.52,14587.71134,28.2657,6.148,73.2,106.375,23.3508,55.16,35
Bosnia y Herzegovina,Europa,Europa Meridional,2021,3244907,75.03,1.49,15893.0601,30.7955,6.517,75.7,114.912,24.5891,57.49,35
Belarús,Europa,Europa Oriental,2010,9490752,70.61,1.48,17300.70265,14.2042,6.305,31.8,108.873,17.5606,55.26,NA
Belarús,Europa,Europa Oriental,2011,9472735,70.54,1.52,18274.01963,14.5505,5.231,39.6,112.902,22.1485,52.25,NA
Belarús,Europa,Europa Oriental,2012,9463076,72.32,1.62,18611.45311,16.2946,6.524,46.9,112.822,26.755,57.49,31
Belarús,Europa,Europa Oriental,2013,9464453,72.76,1.67,18805.42974,18.1657,6.807,54.2,117.434,29.4348,58.76,29
Belarús,Europa,Europa Oriental,2014,9472708,73.14,1.7,19119.312140000002,18.9183,6.461,59,120.366,28.3377,58.12,31
Belarús,Europa,Europa Oriental,2015,9487293,73.66,1.73,18362.69525,16.9464,6.154,62.2,120.67,30.6041,57.19,32
Belarús,Europa,Europa Oriental,2016,9499064,73.84,1.73,17883.19032,16.2804,6.014,71.1,120.432,32.293,51.78,40
Belarús,Europa,Europa Oriental,2017,9495790,73.84,1.55,18356.06606,16.719,6.122,74.4,120.213,33.3125,55.53,44
Belarús,Europa,Europa Oriental,2018,9480031,73.98,1.46,18974.74522,18.1519,6.496,79.1,122.57,33.7712,52.34,44
Belarús,Europa,Europa Oriental,2019,9435419,74.02,1.39,19288.04069,19.1325,6.47,82.8,123.23,34.0724,58.21,45
Belarús,Europa,Europa Oriental,2020,9350944,72.32,1.37,19239.55314,19.265,5.955,85.1,125.165,34.8152,NA,47
Belarús,Europa,Europa Oriental,2021,9251365,72.24,1.37,19872.6925,19.899,6.385,86.9,127.117,35.0098,NA,41
Belice,Américas,América Latina y el Caribe,2010,320245,73.58,2.55,8930.56953,8.5962,1.672,28.2,60.6414,2.78381,NA,NA
Belice,Américas,América Latina y el Caribe,2011,327298,73.84,2.53,8703.13156,8.3934,1.821,30.7,67.9524,2.96305,NA,NA
Belice,Américas,América Latina y el Caribe,2012,334414,74.25,2.51,8820.49641,8.5227,1.41,31,51.5597,2.98223,NA,NA
Belice,Américas,América Latina y el Caribe,2013,341627,74.35,2.5,9008.03068,8.7116,1.485,33.6,51.1128,2.8979,NA,NA
Belice,Américas,América Latina y el Caribe,2014,348923,74.25,2.47,9165.49198,8.871,1.401,38.7,49.3805,2.8373,59.56,NA
Belice,Américas,América Latina y el Caribe,2015,356333,74.19,2.43,9263.00042,8.9778,1.605,41.6,59.4798,4.87718,NA,NA
Belice,Américas,América Latina y el Caribe,2016,364705,74.37,2.4,9074.32461,8.8058,1.543,44.6,61.1256,5.03804,NA,NA
Belice,Américas,América Latina y el Caribe,2017,373202,74.5,2.37,8734.28595,8.4861,1.509,48.9,64.1586,5.09268,NA,NA
Belice,Américas,América Latina y el Caribe,2018,380226,74.39,2.34,8656.15395,8.4141,1.501,53.6,64.7802,6.48509,NA,NA
Belice,Américas,América Latina y el Caribe,2019,385829,74.46,2.14,8859.85119,8.6341,1.495,58.8,66.0705,7.67179,NA,NA
Belice,Américas,América Latina y el Caribe,2020,390812,73.37,2.04,7530.48823,7.3666,1.389,64.4,67.5517,9.21159,NA,NA
Belice,Américas,América Latina y el Caribe,2021,395346,70.97,1.84,8762.24054,8.3794,1.486,70.7,66.7769,9.10595,NA,NA
Bolivia,Américas,América Latina y el Caribe,2010,10182345,70.3,3.21,6499.47706,17.2902,1.324,22.4,70.5073,0.9423,57.81,NA
Bolivia,Américas,América Latina y el Caribe,2011,10348929,70.5,3.14,6723.9478,18.1224,1.463,30,80.7163,0.71062,57.79,NA
Bolivia,Américas,América Latina y el Caribe,2012,10515807,70.73,3.08,6952.37351,18.5486,1.544,35.3,90.2756,1.10983,60.19,34
Bolivia,Américas,América Latina y el Caribe,2013,10682608,70.9,3.01,7304.84462,20.4476,1.671,37,97.5951,1.44251,57.67,34
Bolivia,Américas,América Latina y el Caribe,2014,10848888,71.09,2.95,7581.20056,20.5604,1.842,34.6,96.3264,1.59263,58.65,35
Bolivia,Américas,América Latina y el Caribe,2015,11014705,71.3,2.89,7825.35607,19.8208,1.927,37.5,92.266,1.64281,58.34,34
Bolivia,Américas,América Latina y el Caribe,2016,11180020,71.49,2.83,8033.75111,18.8847,2.021,39.7,90.3953,2.57235,57.7,33
Bolivia,Américas,América Latina y el Caribe,2017,11344587,71.65,2.78,8244.50077,19.0808,2.055,43.8,96.6384,3.34958,56.51,33
Bolivia,Américas,América Latina y el Caribe,2018,11508368,71.84,2.73,8465.84891,18.747,2.032,44.3,99.4566,4.38026,59.16,29
Bolivia,Américas,América Latina y el Caribe,2019,11671386,72.01,2.69,8528.30123,19.6077,1.976,47.5,100.149,6.39917,56.74,31
Bolivia,Américas,América Latina y el Caribe,2020,11816299,68.43,2.65,7679.53017,19.5943,1.822,59.9,99.8988,7.88672,55.59,31
Bolivia,Américas,América Latina y el Caribe,2021,11937360,67.54,2.62,8052.17744,19.5497,1.949,66,100.809,9.44574,55.69,30
Brasil,Américas,América Latina y el Caribe,2010,193701929,73.85,1.79,14856.75667,17.707,2.463,40.7,101.667,7.27968,68.37,NA
Brasil,Américas,América Latina y el Caribe,2011,195284734,74.01,1.78,15304.44962,18.372,2.612,45.7,120.008,9.13182,70.38,NA
Brasil,Américas,América Latina y el Caribe,2012,196876111,74.34,1.77,15458.66552,19.707,2.76,48.6,126.132,9.71151,66.6,43
Brasil,Américas,América Latina y el Caribe,2013,198478299,74.55,1.76,15785.50135,20.5442,2.921,51,136.589,10.7622,71.4,42
Brasil,Américas,América Latina y el Caribe,2014,200085127,74.83,1.78,15729.53942,20.9748,2.996,54.6,140.305,11.9791,69.81,43
Brasil,Américas,América Latina y el Caribe,2015,201675532,75.03,1.78,15043.9962,20.3471,2.659,58.3,127.836,12.6354,65.47,38
Brasil,Américas,América Latina y el Caribe,2016,203218114,75.05,1.73,14433.59763,20.3464,2.347,60.9,120.101,13.2177,63.75,40
Brasil,Américas,América Latina y el Caribe,2017,204703445,75.44,1.74,14509.12816,20.33,2.38,67.5,108.093,14.1218,63.33,37
Brasil,Américas,América Latina y el Caribe,2018,206107261,75.69,1.74,14651.1636,21.0236,2.262,70.4,101.602,15.1538,61.91,35
Brasil,Américas,América Latina y el Caribe,2019,207455459,75.85,1.71,14716.84189,21.1151,2.244,73.9,97.3747,15.8622,64.51,35
Brasil,Américas,América Latina y el Caribe,2020,208660842,74.51,1.65,14140.23542,21.0372,1.986,81.3,98.6456,17.4181,61.1,38
Brasil,Américas,América Latina y el Caribe,2021,209550294,73.24,1.64,14735.58178,19.178,2.067,80.7,104.825,19.8363,60.1,38
Barbados,Américas,América Latina y el Caribe,2010,275243,76.16,1.79,15864.50892,16.1675,5.193,65.1,127.183,20.4147,NA,NA
Barbados,Américas,América Latina y el Caribe,2011,276139,76.24,1.76,15697.68659,16.0111,5.361,66.5,125.993,22.6821,NA,NA
Barbados,Américas,América Latina y el Caribe,2012,276938,76.48,1.73,15618.27292,15.9008,5.149,71.2,126.128,24.1513,NA,76
Barbados,Américas,América Latina y el Caribe,2013,277665,76.5,1.73,15375.93245,15.6328,5.064,71.8,110.82,24.4172,NA,75
Barbados,Américas,América Latina y el Caribe,2014,278348,76.48,1.73,15332.19284,15.5838,4.372,71.9,109.739,27.9255,NA,74
Barbados,Américas,América Latina y el Caribe,2015,278990,76.51,1.73,15670.51543,15.9353,4.364,72,120.001,28.0544,NA,NA
Barbados,Américas,América Latina y el Caribe,2016,279598,76.54,1.72,16037.89029,16.3058,4.434,72.2,118.816,31.0757,NA,61
Barbados,Américas,América Latina y el Caribe,2017,280171,76.54,1.72,16089.38135,16.3486,4.439,72.3,117.63,31.8877,NA,68
Barbados,Américas,América Latina y el Caribe,2018,280711,76.46,1.72,15940.69234,16.1517,4.479,72.4,117.319,31.8263,NA,68
Barbados,Américas,América Latina y el Caribe,2019,281207,76.2,1.72,15973.15161,16.1022,4.462,74.2,117.112,37.9802,NA,62
Barbados,Américas,América Latina y el Caribe,2020,281698,76.33,1.71,13944.63952,13.9333,4.143,76,104.722,45.4387,NA,64
Barbados,Américas,América Latina y el Caribe,2021,282147,76.51,1.71,13754.80242,13.8819,4.433,77.9,112.223,36.3513,NA,65
Brunei Darussalam,Asia,Asia Sudoriental,2010,392332,73.83,1.94,66484.24162,69.3251,16.747,53,110.902,5.53077,NA,NA
Brunei Darussalam,Asia,Asia Sudoriental,2011,399389,73.93,1.96,68037.52306,70.9448,21.757,56,110.96,5.80512,NA,NA
Brunei Darussalam,Asia,Asia Sudoriental,2012,405557,74.01,1.97,67792.75471,70.6895,22.143,60.3,115.826,4.89426,NA,55
Brunei Darussalam,Asia,Asia Sudoriental,2013,411202,73.92,1.98,65534.68324,68.335,20.711,64.5,114.011,6.70157,NA,60
Brunei Darussalam,Asia,Asia Sudoriental,2014,416750,73.96,1.97,63131.18633,65.8288,20.771,68.8,108.471,7.26071,NA,NA
Brunei Darussalam,Asia,Asia Sudoriental,2015,422212,73.98,1.95,62170.0871,64.8266,17.81,71.2,109.751,8.15349,NA,NA
Brunei Darussalam,Asia,Asia Sudoriental,2016,427564,74.06,1.92,59980.98882,62.544,16.486,90,122.427,8.44786,NA,58
Brunei Darussalam,Asia,Asia Sudoriental,2017,432772,74.12,1.88,60173.05121,62.7442,19.416,94.9,125.87,9.49045,NA,62
Brunei Darussalam,Asia,Asia Sudoriental,2018,437810,74.21,1.85,59650.2316,62.1991,21.472,95,129.268,11.2953,NA,63
Brunei Darussalam,Asia,Asia Sudoriental,2019,442680,74.36,1.82,61424.36439,64.049,22.357,95,129.845,12.2425,NA,60
Brunei Darussalam,Asia,Asia Sudoriental,2020,447404,74.4,1.8,61603.55088,64.2359,22.427,96.3,119.934,15.8868,NA,60
Brunei Darussalam,Asia,Asia Sudoriental,2021,451721,74.25,1.78,60127.02369,62.6963,23.997,97.6,133.597,17.581,NA,NA
Bhután,Asia,Asia Meridional,2010,701632,71,2.25,8008.13349,8.7382,0.678,13.6,56.1998,1.2364,NA,NA
Bhután,Asia,Asia Meridional,2011,709377,71.32,2.16,8578.39811,9.3034,0.964,14.4,68.2555,1.86544,NA,NA
Bhután,Asia,Asia Meridional,2012,717279,71.61,2.07,8917.82178,9.9052,1.102,15.6,78.1969,2.33744,NA,63
Bhután,Asia,Asia Meridional,2013,725273,71.85,2,8969.40216,10.071,1.203,22.4,75.0527,2.8239,55.69,63
Bhután,Asia,Asia Meridional,2014,733139,72.08,1.92,9386.09314,10.2397,1.331,30.3,85.1866,3.40713,49.39,65
Bhután,Asia,Asia Meridional,2015,740618,72.29,1.84,9909.52881,10.4111,1.339,39.8,91.241,3.76361,50.82,65
Bhután,Asia,Asia Meridional,2016,747866,72.52,1.74,10649.04349,10.5854,1.563,46.5,93.3821,2.20481,NA,65
Bhután,Asia,Asia Meridional,2017,754335,72.73,1.62,10929.85119,10.7627,1.581,54.3,96.8566,2.2148,NA,67
Bhután,Asia,Asia Meridional,2018,759759,72.95,1.52,11223.9073,11.6157,1.611,63.5,92.6023,1.42177,NA,68
Bhután,Asia,Asia Meridional,2019,764824,73.17,1.45,11786.9133,12.5363,1.652,74.2,95.3473,1.14719,NA,68
Bhután,Asia,Asia Meridional,2020,770006,73.39,1.5,10513.34133,13.5299,1.651,76.9,96.7703,0.41415,NA,68
Bhután,Asia,Asia Meridional,2021,775442,73.61,1.49,10907.85671,14.6023,1.767,85.6,100.331,0.36457,NA,68
Botswana,África,África Subsahariana,2010,2033111,56.98,3.14,12647.68697,10.6105,5.05,6,116.246,0.58915,35.53,NA
Botswana,África,África Subsahariana,2011,2073535,57.75,3.1,13244.29935,10.2257,6.163,9,139.87,0.92234,35.2,NA
Botswana,África,África Subsahariana,2012,2108617,58.62,3.07,12970.11929,9.8548,5.713,16,146.149,1.05453,48.36,65
Botswana,África,África Subsahariana,2013,2140682,59.43,3.05,14138.16464,9.4974,5.632,30,151.671,1.00856,41.28,64
Botswana,África,África Subsahariana,2014,2172044,60.09,3.03,14658.3816,9.153,6.278,36.7,157.018,1.53266,40.31,63
Botswana,África,África Subsahariana,2015,2203273,60.62,3.01,13676.22572,8.8211,5.819,37.3,157.735,1.67228,37.62,63
Botswana,África,África Subsahariana,2016,2234776,61.22,2.99,14367.06291,9.2664,5.908,42.3,147.173,2.64264,34.99,60
Botswana,África,África Subsahariana,2017,2266747,61.51,2.97,14650.3734,9.4491,4.937,47.9,142.962,1.43086,35.05,61
Botswana,África,África Subsahariana,2018,2299141,61.84,2.94,14955.29838,9.6459,4.944,54.2,147.065,1.74169,34.61,61
Botswana,África,África Subsahariana,2019,2332083,62.25,2.91,15111.08348,9.7464,4.931,61.4,160.662,2.10301,34.71,61
Botswana,África,África Subsahariana,2020,2365894,62.42,2.86,13539.13324,8.7325,4.677,69.5,161.859,3.58604,NA,60
Botswana,África,África Subsahariana,2021,2401441,58.14,2.83,14907.08577,9.6104,5.004,78.7,173.252,5.54838,NA,55
República Centroafricana,África,África Subsahariana,2010,4492995,47.81,5.96,1129.9671,2.8994,0.06,2,21.7946,NA,35.68,NA
República Centroafricana,África,África Subsahariana,2011,4565021,48.27,6.01,1159.46189,2.8323,0.063,2.2,21.7402,0.01774,36.78,NA
República Centroafricana,África,África Subsahariana,2012,4610848,48.76,6.05,1207.52342,2.7667,0.066,2.4,24.7918,0.01312,NA,26
República Centroafricana,África,África Subsahariana,2013,4642419,47.46,6.08,763.42412,2.7026,0.064,2.5,29.3015,NA,NA,25
República Centroafricana,África,África Subsahariana,2014,4623182,47.48,6.1,764.63118,2.64,0.065,2.7,24.9962,NA,NA,24
República Centroafricana,África,África Subsahariana,2015,4629320,49.67,6.13,794.38419,2.5789,0.065,2.9,26.8397,0.04014,NA,24
República Centroafricana,África,África Subsahariana,2016,4713663,50.32,6.13,817.72399,2.5192,0.065,3.1,26.4836,0.01561,26.93,20
República Centroafricana,África,África Subsahariana,2017,4793511,50.41,6.13,838.91059,2.4608,0.065,4,24.5204,0.01291,34.76,23
República Centroafricana,África,África Subsahariana,2018,4878657,51.54,6.11,853.94572,2.4038,0.065,5.1,26.2216,0.01246,NA,26
República Centroafricana,África,África Subsahariana,2019,4944703,52.35,6.09,861.05917,2.3482,0.066,7.51,32.2627,0.01009,NA,25
República Centroafricana,África,África Subsahariana,2020,5026628,51.95,6.06,847.06889,2.2938,0.065,NA,36.426,NA,NA,26
República Centroafricana,África,África Subsahariana,2021,5112100,51.27,6.05,837.50469,2.2407,0.07,NA,35.817,0.00976,NA,24
Canadá,Américas,América Septentrional,2010,34196899,81.64,1.64,44744.83472,60.8104,17.81,80.3,75.5197,31.6318,76.5,NA
Canadá,Américas,América Septentrional,2011,34555452,81.89,1.63,45700.61891,61.1467,17.46,83,77.6723,32.6506,74.26,NA
Canadá,Américas,América Septentrional,2012,34922516,82.01,1.63,46001.71378,61.7815,16.622,83,79.3757,33.4739,74.15,84
Canadá,Américas,América Septentrional,2013,35293433,82.12,1.61,46578.38672,62.9701,16.459,85.8,80.3549,34.2683,75.94,81
Canadá,Américas,América Septentrional,2014,35634264,82.15,1.61,47439.34605,63.2427,15.769,87.1,80.7902,35.2694,73.04,81
Canadá,Américas,América Septentrional,2015,35962234,82.26,1.6,47386.03885,63.74,15.144,90,82.7674,36.4699,74.13,83
Canadá,Américas,América Septentrional,2016,36353343,82.29,1.59,47339.4601,63.1935,14.424,91.2,84.5919,36.8233,72.45,82
Canadá,Américas,América Septentrional,2017,36808497,82.36,1.55,48196.05081,65.495,14.439,92.7,86.1024,37.8277,74.15,82
Canadá,Américas,América Septentrional,2018,37295005,82.19,1.51,48813.40684,65.7378,14.305,94.6,89.0495,38.7334,71.75,81
Canadá,Américas,América Septentrional,2019,37782935,82.18,1.48,49023.13734,65.7328,13.981,91.9,90.9589,40.0768,71.09,77
Canadá,Américas,América Septentrional,2020,38171902,81.86,1.41,46051.15551,61.7308,12.88,92.3,84.7748,40.795,70.25,77
Canadá,Américas,América Septentrional,2021,38454057,82.47,1.43,48218.03832,64.4527,12.915,93.9,87.4056,41.6931,69.39,74
Suiza,Europa,Europa Occidental,2010,7825753,82.79,1.52,64391.96168,74.2322,12.901,83.9,123.236,37.2299,NA,NA
Suiza,Europa,Europa Occidental,2011,7914372,83.03,1.51,64834.5533,75.2866,13.145,85.2,127.397,38.8955,NA,NA
Suiza,Europa,Europa Occidental,2012,7998926,83.13,1.52,64906.25812,77.1479,18.803,85.2,132.031,40.16,77.76,86
Suiza,Europa,Europa Occidental,2013,8091202,83.27,1.51,65314.10352,76.7876,17.47,86.3,136.551,42.4918,NA,85
Suiza,Europa,Europa Occidental,2014,8190235,83.47,1.53,66038.2368,77.7138,17.022,83.6,136.138,43.1732,74.93,86
Suiza,Europa,Europa Occidental,2015,8283934,83.58,1.54,66364.55142,77.3566,17.325,87.5,135.723,44.6716,75.72,86
Suiza,Europa,Europa Occidental,2016,8374901,83.78,1.54,67001.7385,78.7547,19.302,89.1,134.236,45.0861,74.59,86
Suiza,Europa,Europa Occidental,2017,8453628,83.88,1.52,67284.03435,78.5021,15.13,89.7,131.17,46.3318,74.74,85
Suiza,Europa,Europa Occidental,2018,8516344,83.93,1.51,68700.71633,77.1029,14.61,91.8,126.681,45.605,75.09,85
Suiza,Europa,Europa Occidental,2019,8577524,83.98,1.48,68991.38203,77.4291,14.027,93.1,126.921,46.9124,76.94,85
Suiza,Europa,Europa Occidental,2020,8640582,83.27,1.47,67022.25876,75.0394,12.289,94.3,127.376,46.4814,75.08,85
Suiza,Europa,Europa Occidental,2021,8707023,84.19,1.53,70097.36875,77.6212,11.762,95.6,123.212,47.9433,73.28,84
Chile,Américas,América Latina y el Caribe,2010,17181464,78.61,1.84,21324.64352,17.1858,4.319,45,115.545,10.4145,66.36,NA
Chile,Américas,América Latina y el Caribe,2011,17351816,78.96,1.82,22428.41496,17.8443,4.898,52.2,128.605,11.591,65.26,NA
Chile,Américas,América Latina y el Caribe,2012,17519119,79.17,1.8,23578.03683,19.596,5.087,55.1,136.656,12.3655,65.99,72
Chile,Américas,América Latina y el Caribe,2013,17687006,79.31,1.79,24124.1985,21.5196,5.106,58,133.778,12.9766,67.4,71
Chile,Américas,América Latina y el Caribe,2014,17864195,79.49,1.77,24310.66114,22.0166,4.676,61.1,132.56,13.9369,68.44,73
Chile,Américas,América Latina y el Caribe,2015,18047625,79.63,1.74,24579.47832,22.525,4.802,76.6,128.584,15.0681,65.33,70
Chile,Américas,América Latina y el Caribe,2016,18267221,79.97,1.69,24714.73866,23.7373,4.813,83.6,127.565,15.9005,65.79,66
Chile,Américas,América Latina y el Caribe,2017,18558868,79.98,1.56,24662.03042,25.0147,4.773,82.3,124.001,16.501,63.2,67
Chile,Américas,América Latina y el Caribe,2018,18893191,80.07,1.54,25189.57053,25.1713,4.911,84.9,133.27,17.2067,64.36,67
Chile,Américas,América Latina y el Caribe,2019,19197744,80.16,1.43,24899.30173,25.3289,5.086,85,130.493,17.865,59.42,67
Chile,Américas,América Latina y el Caribe,2020,19370624,79.21,1.31,23053.79566,25.4875,4.408,87.5,129.414,19.4306,61.51,67
Chile,Américas,América Latina y el Caribe,2021,19456334,78.78,1.18,25412.75207,28.1973,4.455,90.2,136.572,22.014,64.36,67
China,Asia,Asia Oriental,2010,1351561514,74.92,1.69,8884.50683,7.3612,5.415,34.3,63.5563,9.34748,46.53,NA
China,Asia,Asia Oriental,2011,1360250664,75.29,1.67,9680.00923,7.897,5.966,38.3,72.5052,11.5043,50.37,NA
China,Asia,Asia Oriental,2012,1369520864,75.73,1.8,10370.63179,8.6269,6.189,42.3,81.2076,12.7916,50.95,39
China,Asia,Asia Oriental,2013,1379008040,76.11,1.71,11101.83747,9.7041,6.311,45.8,89.1302,13.6989,52.41,40
China,Asia,Asia Oriental,2014,1387951972,76.44,1.77,11851.29591,10.4544,6.336,47.9,92.6612,14.4445,51.96,36
China,Asia,Asia Oriental,2015,1396134174,76.77,1.67,12612.23639,11.1909,6.333,50.3,92.5401,19.8438,53.04,37
China,Asia,Asia Oriental,2016,1404052632,76.98,1.77,13399.01486,11.9284,6.295,53.2,97.2139,22.9761,53.25,40
China,Asia,Asia Oriental,2017,1412354727,77.23,1.8,14243.40244,12.5978,6.453,54.3,104.073,27.9101,50.99,41
China,Asia,Asia Oriental,2018,1419008956,77.44,1.54,15133.85731,13.3986,6.756,59.2,116.229,28.7089,51.31,39
China,Asia,Asia Oriental,2019,1423520357,77.59,1.5,15977.61781,14.1744,6.966,64.1,122.67,31.5611,51.44,41
China,Asia,Asia Oriental,2020,1426106093,77.7,1.24,16296.46044,13.6221,7.003,70.1,120.497,33.907,57.71,42
China,Asia,Asia Oriental,2021,1426437267,77.83,1.12,17657.49518,14.7596,7.454,73.1,121.492,37.5612,58.63,45
Costa de Marfil,África,África Subsahariana,2010,22488065,57.39,5.29,3766.50675,3.974,0.383,2.7,69.3659,NA,NA,NA
Costa de Marfil,África,África Subsahariana,2011,22982000,57.81,5.24,3491.02424,3.9651,0.366,2.9,75.4688,NA,NA,NA
Costa de Marfil,África,África Subsahariana,2012,23467078,58.81,5.19,3680.61908,3.9562,0.509,4.4,77.1273,0.19673,NA,29
Costa de Marfil,África,África Subsahariana,2013,23939775,59.42,5.14,3993.46445,3.9473,0.554,6.6,80.9987,0.23509,37.39,27
Costa de Marfil,África,África Subsahariana,2014,24527395,60.16,5.07,4267.76999,3.9385,0.578,10,90.122,0.51721,35.7,32
Costa de Marfil,África,África Subsahariana,2015,25246342,61.07,4.97,4458.27854,3.9296,0.559,38.4,100.639,0.43455,44.45,32
Costa de Marfil,África,África Subsahariana,2016,25989405,61.97,4.87,4656.33137,4.4378,0.63,41.2,105.625,0.52475,45.43,34
Costa de Marfil,África,África Subsahariana,2017,26733372,62.81,4.76,4873.7104,5.0117,0.612,43.8,118.755,0.53426,50.38,36
Costa de Marfil,África,África Subsahariana,2018,27464173,63.59,4.6,4980.27937,5.6599,0.582,37.5,123.098,0.64054,52.68,35
Costa de Marfil,África,África Subsahariana,2019,28193009,64.25,4.52,5182.17246,5.8781,0.567,36.3,132.574,0.76871,53.92,35
Costa de Marfil,África,África Subsahariana,2020,28915449,63.94,4.46,5089.1514,5.8321,0.546,36,138.664,0.90391,52.57,36
Costa de Marfil,África,África Subsahariana,2021,29639736,63.47,4.41,5316.4639,6.089,0.584,36,150.344,1.13038,50.56,36
Camerún,África,África Subsahariana,2010,19668066,57.7,5.15,3308.55374,4.9484,0.472,4.3,43.9121,0.03027,45.54,NA
Camerún,África,África Subsahariana,2011,20232304,58.17,5.05,3324.87638,5.1383,0.445,5,51.831,0.05295,44.34,NA
Camerún,África,África Subsahariana,2012,20809529,58.76,4.98,3382.12549,5.3355,0.462,7.5,62.9907,0.06654,42.45,26
Camerún,África,África Subsahariana,2013,21402376,59.15,4.91,3452.56197,5.5403,0.438,10,73.1912,0.07896,42.71,25
Camerún,África,África Subsahariana,2014,22059893,59.47,4.84,3540.90967,5.7529,0.469,16.2,77.24,0.0763,42.4,27
Camerún,África,África Subsahariana,2015,22763414,60.05,4.84,3625.63646,5.8906,0.478,18.3,79.7801,0.08982,50.38,27
Camerún,África,África Subsahariana,2016,23454161,60.93,4.84,3678.36165,5.9762,0.485,20.6,79.8046,1.55529,48.16,26
Camerún,África,África Subsahariana,2017,24128601,61.85,4.8,3702.20526,6.015,0.459,23.2,83.4503,1.58467,50.74,25
Camerún,África,África Subsahariana,2018,24806383,62.62,4.74,3743.73642,6.0824,0.411,29.7,74.3995,1.59561,52.51,25
Camerún,África,África Subsahariana,2019,25506095,63.35,4.65,3767.817,6.1216,0.389,36.5,83.9044,1.57189,49.37,25
Camerún,África,África Subsahariana,2020,26210558,62.58,4.56,3676.5441,5.9733,0.374,41.2,85.2722,2.75682,52.41,25
Camerún,África,África Subsahariana,2021,26915758,62.06,4.47,3700.46429,6.0302,0.4,42,80.8081,2.23385,49.63,27
República Democrática del Congo,África,África Subsahariana,2010,68563038,58.78,6.59,841.85629,1.6978,0.03,0.72,17.2401,NA,NA,NA
República Democrática del Congo,África,África Subsahariana,2011,70849311,59.41,6.58,870.07381,1.854,0.037,1.2,22.0819,NA,45.17,NA
República Democrática del Congo,África,África Subsahariana,2012,73254618,60.07,6.56,900.97899,2.0247,0.034,1.68,27.4285,NA,46.39,21
República Democrática del Congo,África,África Subsahariana,2013,75789395,60.91,6.53,944.64025,2.1228,0.05,2.2,37.2505,5.9e-4,44.97,22
República Democrática del Congo,África,África Subsahariana,2014,78403242,61.79,6.48,999.07213,2.2451,0.063,3,47.3232,6.4e-4,44.14,22
República Democrática del Congo,África,África Subsahariana,2015,81035531,62.65,6.44,1032.57186,2.3204,0.037,3.8,46.5879,0.00123,39.03,22
República Democrática del Congo,África,África Subsahariana,2016,83956415,63.34,6.39,1021.3272,2.2951,0.025,10.1,34.4099,0.00119,45.22,21
República Democrática del Congo,África,África Subsahariana,2017,87083398,63.91,6.35,1023.53983,2.3001,0.024,8.62,40.6223,0.00115,43.11,21
República Democrática del Congo,África,África Subsahariana,2018,90047644,64.66,6.3,1048.24645,2.3556,0.024,11.7,40.5014,0.00513,NA,20
República Democrática del Congo,África,África Subsahariana,2019,92947442,65.05,6.25,1059.89211,2.3818,0.025,16.5,39.94,0.0128,NA,18
República Democrática del Congo,África,África Subsahariana,2020,95989998,64.47,6.21,1044.07121,2.3462,0.024,21.6,42.5028,0.03229,NA,18
República Democrática del Congo,África,África Subsahariana,2021,99148932,63.88,6.16,1073.64327,2.4127,0.026,28.4,47.2883,0.03127,NA,19
Congo,África,África Subsahariana,2010,4462290,60.87,4.85,4414.43129,4.3651,0.459,5,83.3372,0.0056,NA,NA
Congo,África,África Subsahariana,2011,4609724,61.59,4.83,4367.78934,4.5915,0.51,5.6,84.2731,0.02844,45.1,NA
Congo,África,África Subsahariana,2012,4740450,61.91,4.79,4670.78229,4.91,0.653,6.11,90.3529,0.02936,39.19,26
Congo,África,África Subsahariana,2013,4857099,62.43,4.73,4527.22844,4.7591,0.695,6.6,95.9371,0.00902,39.55,22
Congo,África,África Subsahariana,2014,4975880,62.88,4.67,4714.07358,4.9588,0.656,7.11,99.08,0.01005,40.56,23
Congo,África,África Subsahariana,2015,5097581,63.52,4.61,4621.92691,4.6699,0.649,7.62,102.323,NA,46.91,23
Congo,África,África Subsahariana,2016,5222536,64.2,4.55,4120.87392,4.0679,0.638,8.12,103.858,NA,41.19,20
Congo,África,África Subsahariana,2017,5351011,64.65,4.5,3798.40276,3.7978,0.623,8.65,94.4868,NA,48.84,21
Congo,África,África Subsahariana,2018,5483118,65.03,4.44,3623.0854,3.5297,0.617,NA,91.189,NA,54.9,19
Congo,África,África Subsahariana,2019,5616661,65.43,4.38,3578.5426,3.4446,0.63,NA,91.0654,NA,52.13,19
Congo,África,África Subsahariana,2020,5752791,66.52,4.33,3276.92862,3.1552,0.617,24.8,97.6561,NA,50.79,19
Congo,África,África Subsahariana,2021,5892183,66.24,4.28,3234.39297,3.0151,0.66,33.3,95.8615,0.2569,49.21,21
Colombia,Américas,América Latina y el Caribe,2010,44777319,77.89,2.01,11904.75352,13.7651,1.9,36.5,99.3308,5.90262,64.08,NA
Colombia,Américas,América Latina y el Caribe,2011,45259614,78.65,1.94,12593.40777,14.2825,1.936,40.4,102.079,7.39764,64.64,NA
Colombia,Américas,América Latina y el Caribe,2012,45715810,78.98,1.9,12950.7947,14.4821,2.057,49,107.329,8.61552,63.75,36
Colombia,Américas,América Latina y el Caribe,2013,46151584,79.31,1.86,13481.55271,15.2061,2.182,51.7,108.978,9.83199,66.07,36
Colombia,Américas,América Latina y el Caribe,2014,46565429,79.67,1.82,13955.2882,15.9221,2.804,52.6,118.823,10.799,64.49,37
Colombia,Américas,América Latina y el Caribe,2015,46969940,79.69,1.77,14233.08447,15.59,2.661,55.9,122.051,11.7645,63.88,37
Colombia,Américas,América Latina y el Caribe,2016,47437512,79.85,1.72,14375.73879,15.3619,2.678,58.1,123.71,12.4648,62.34,37
Colombia,Américas,América Latina y el Caribe,2017,48131078,79.97,1.72,14352.45672,15.2469,2.223,62.3,129.272,13.1537,61.57,37
Colombia,Américas,América Latina y el Caribe,2018,49024465,80.08,1.72,14444.08849,15.5056,2.192,64.1,131.595,13.6229,59.84,36
Colombia,Américas,América Latina y el Caribe,2019,49907985,80.19,1.71,14634.02138,15.5424,2.335,65,132.811,13.9253,63.5,37
Colombia,Américas,América Latina y el Caribe,2020,50629997,78.12,1.69,13384.21809,13.6266,2.124,69.8,133.661,15.3363,57.09,39
Colombia,Américas,América Latina y el Caribe,2021,51188173,76.09,1.68,14661.21324,14.16,2.342,73,146.628,16.4768,52.9,39
Comoras,África,África Subsahariana,2010,654836,65.9,4.76,3025.51738,7.2482,0.234,5.1,25.2396,0.05024,38.12,NA
Comoras,África,África Subsahariana,2011,668056,65.69,4.72,3084.82658,7.0328,0.192,5.5,32.3982,0.05988,38.38,NA
Comoras,África,África Subsahariana,2012,681630,66.33,4.65,3115.23803,6.8237,0.198,5.98,41.5931,0.18089,39.56,28
Comoras,África,África Subsahariana,2013,696192,66.72,4.57,3185.3197,6.6208,0.237,6.5,49.9144,0.18673,NA,28
Comoras,África,África Subsahariana,2014,711503,67.22,4.49,3183.15703,6.4239,0.203,6.98,53.8297,0.22249,NA,26
Comoras,África,África Subsahariana,2015,726682,67.54,4.42,3150.87762,6.3588,0.217,7.46,58.4556,0.22018,NA,26
Comoras,África,África Subsahariana,2016,741741,67.86,4.35,3185.62966,6.4289,0.254,7.94,61.2598,0.22029,NA,24
Comoras,África,África Subsahariana,2017,756669,68.17,4.28,3240.17917,6.539,0.261,8.48,61.9708,0.21727,NA,27
Comoras,África,África Subsahariana,2018,771590,68.46,4.21,3294.83197,6.6493,0.263,NA,64.6591,0.19842,39.73,27
Comoras,África,África Subsahariana,2019,786578,68.73,4.14,3290.65053,6.6409,0.268,16.4,73.1292,0.16248,46.09,25
Comoras,África,África Subsahariana,2020,802163,68.83,4.07,3222.37409,6.5031,0.263,22.4,97.4339,0.1481,NA,21
Comoras,África,África Subsahariana,2021,818174,68.03,4,3228.52686,6.5155,0.281,30.7,104.311,0.15046,NA,20
Cabo Verde,África,África Subsahariana,2010,509784,74.41,2.33,6752.33281,8.704,1.131,30,72.9468,3.15251,NA,NA
Cabo Verde,África,África Subsahariana,2011,511447,74.51,2.33,6933.41743,8.8583,1.235,32,77.5113,4.17091,NA,NA
Cabo Verde,África,África Subsahariana,2012,511955,74.59,2.15,6925.28059,9.0153,1.002,34.7,83.0757,3.87788,NA,60
Cabo Verde,África,África Subsahariana,2013,512225,74.85,2.07,6890.63431,9.1751,0.975,37.5,97.5075,4.1392,NA,58
Cabo Verde,África,África Subsahariana,2014,512326,74.97,2.03,6860.67284,9.3378,0.948,40.3,119.724,3.72341,NA,57
Cabo Verde,África,África Subsahariana,2015,512394,74.86,1.97,6848.51391,9.5033,0.943,42.7,119.336,3.23345,NA,55
Cabo Verde,África,África Subsahariana,2016,512554,74.8,1.97,7062.02515,9.7996,1.022,50.3,117.442,3.03207,NA,59
Cabo Verde,África,África Subsahariana,2017,512893,74.83,1.93,7297.70686,10.1266,1.126,57.2,119.374,2.92322,NA,55
Cabo Verde,África,África Subsahariana,2018,513415,73.54,1.8,7485.44641,10.3872,1.156,59.5,118.876,3.04958,NA,57
Cabo Verde,África,África Subsahariana,2019,514104,73.74,1.7,7924.6665,11.0674,1.181,61.9,115.868,3.93928,NA,58
Cabo Verde,África,África Subsahariana,2020,514679,72.58,1.59,6215.48954,8.8451,1.157,69.4,105.839,4.82611,NA,58
Cabo Verde,África,África Subsahariana,2021,516649,71.85,1.55,6592.85552,9.3626,1.238,70.3,114.231,5.90962,NA,58
Costa Rica,Américas,América Latina y el Caribe,2010,4555962,79.51,1.83,16643.08748,23.1813,2.395,36.5,68.6655,8.69766,72.71,NA
Costa Rica,Américas,América Latina y el Caribe,2011,4609833,80.17,1.88,17161.77365,23.9121,2.608,39.2,90.0915,9.10623,72.29,NA
Costa Rica,Américas,América Latina y el Caribe,2012,4663934,80.33,1.85,17784.37062,24.6989,2.554,47.5,115.312,9.61836,72.72,54
Costa Rica,Américas,América Latina y el Caribe,2013,4716147,80.41,1.78,18019.03766,25.4574,2.529,46,150.801,10.2813,71.58,53
Costa Rica,Américas,América Latina y el Caribe,2014,4767119,80.47,1.8,18454.11886,24.8767,2.489,53,147.267,10.8312,72.47,54
Costa Rica,Américas,América Latina y el Caribe,2015,4818038,80.2,1.8,18928.9763,24.8932,2.462,59.8,156.404,11.5951,68.54,55
Costa Rica,Américas,América Latina y el Caribe,2016,4866998,79.75,1.75,19525.52552,25.8452,2.486,65.9,171.166,13.131,71.36,58
Costa Rica,Américas,América Latina y el Caribe,2017,4913177,79.83,1.71,20139.26472,26.2569,2.485,71.6,179.931,15.1438,72.25,59
Costa Rica,Américas,América Latina y el Caribe,2018,4957818,79.95,1.71,20473.84,25.6446,2.55,73.5,171.357,16.8377,71.41,56
Costa Rica,Américas,América Latina y el Caribe,2019,4999553,80.07,1.6,20788.17293,25.5309,2.467,81.2,146.212,18.0963,69.98,56
Costa Rica,Américas,América Latina y el Caribe,2020,5034320,79.92,1.45,19749.99046,22.1473,2.183,80.5,149.223,19.7191,63.38,57
Costa Rica,Américas,América Latina y el Caribe,2021,5059988,77.65,1.35,21189.69566,25.1838,2.336,82.7,154.831,20.9243,64.08,58
Cuba,Américas,América Latina y el Caribe,2010,11297409,78.46,1.67,7529.53521,9.6184,3.024,15.9,8.87827,0.0328,NA,NA
Cuba,Américas,América Latina y el Caribe,2011,11301571,79.07,1.73,7930.16417,10.1298,2.598,16,11.6368,0.03912,NA,NA
Cuba,Américas,América Latina y el Caribe,2012,11303175,78.84,1.67,8170.54155,10.4369,2.625,21.2,14.8776,0.04435,NA,48
Cuba,Américas,América Latina y el Caribe,2013,11298167,78.81,1.68,8446.40321,10.7893,2.461,27.9,17.6639,0.04744,NA,46
Cuba,Américas,América Latina y el Caribe,2014,11285775,78.74,1.66,8731.4221,11.1533,2.428,29.1,22.4243,0.06905,NA,46
Cuba,Américas,América Latina y el Caribe,2015,11275065,78.42,1.69,9030.17684,11.535,2.568,37.3,29.5816,0.07235,NA,47
Cuba,Américas,América Latina y el Caribe,2016,11265612,78.52,1.6,9074.81835,11.6973,2.481,43,35.3989,0.12807,NA,47
Cuba,Américas,América Latina y el Caribe,2017,11247829,78.25,1.59,9243.08252,11.9045,2.48,57.1,41.0193,0.29816,NA,47
Cuba,Américas,América Latina y el Caribe,2018,11227118,78.29,1.61,9458.27751,12.173400000000001,2.526,62.7,47.8602,0.88035,NA,47
Cuba,Américas,América Latina y el Caribe,2019,11202846,78.67,1.54,9452.55423,11.7856,2.517,68,53.9383,1.63112,NA,48
Cuba,Américas,América Latina y el Caribe,2020,11176354,78.62,1.49,8429.2334,11.4101,2.337,71.1,59.6059,2.07272,NA,47
Cuba,Américas,América Latina y el Caribe,2021,11122168,74.68,1.43,8568.88121,11.0466,2.501,67.6,63.8661,2.67323,NA,46
Chipre,Asia,Asia Occidental,2010,1127816,79.52,1.43,36894.24946,52.6247,7.6,53,123.133,23.1549,63.87,NA
Chipre,Asia,Asia Occidental,2011,1146493,79.85,1.36,36114.69613,52.3826,7.246,56.9,126.56,24.6113,66.9,NA
Chipre,Asia,Asia Occidental,2012,1165397,80.14,1.38,34342.40877,49.4716,7.024,60.7,128.298,25.4741,61.81,66
Chipre,Asia,Asia Occidental,2013,1183895,80.3,1.3,32154.76871,47.4817,5.551,65.5,128.161,26.7127,54.39,63
Chipre,Asia,Asia Occidental,2014,1201801,80.36,1.31,31933.23069,44.2526,6.008,69.3,131.145,28.7616,56.27,63
Chipre,Asia,Asia Occidental,2015,1219502,80.45,1.32,33213.56829,45.0893,5.619,71.7,130.982,30.725,54.39,61
Chipre,Asia,Asia Occidental,2016,1237112,80.67,1.36,35234.90193,46.5968,5.722,75.9,132.637,32.5787,57.95,55
Chipre,Asia,Asia Occidental,2017,1254275,80.84,1.32,36910.15425,47.5643,6.45,80.7,136.172,34.215,60.62,57
Chipre,Asia,Asia Occidental,2018,1270737,80.81,1.32,38521.93189,51.2125,6.445,84.4,137.045,35.8108,62.76,59
Chipre,Asia,Asia Occidental,2019,1286671,80.81,1.33,40107.17578,51.5746,6.237,86.1,139.994,36.7753,61.37,58
Chipre,Asia,Asia Occidental,2020,1302247,80.8,1.36,38289.55657,52.9283,5.448,90.8,138.388,37.0625,62.6,57
Chipre,Asia,Asia Occidental,2021,1317309,80.61,1.39,41694.25781,55.9187,5.678,90.8,145.992,37.6671,62.69,53
Chequia,Europa,Europa Oriental,2010,10464035,77.85,1.51,33483.04084,31.8085,11.471,68.8,123.605,21.6091,62.5,NA
Chequia,Europa,Europa Oriental,2011,10495511,78.05,1.43,34002.09152,31.7746,10.984,70.5,125.46,23.9064,63.31,NA
Chequia,Europa,Europa Oriental,2012,10507335,78.3,1.45,33688.00248,31.2393,10.49,73.4,128.69,25.2869,63.34,49
Chequia,Europa,Europa Oriental,2013,10511163,78.55,1.46,33661.37114,31.4463,10.307,74.1,130.521,27.1727,66.98,48
Chequia,Europa,Europa Oriental,2014,10517226,78.95,1.53,34386.60554,32.1802,9.734,74.2,132.289,28.4754,64.84,51
Chequia,Europa,Europa Oriental,2015,10524416,79,1.59,36168.31404,33.508,9.9,75.7,118.34,27.998,66.08,56
Chequia,Europa,Europa Oriental,2016,10531948,79.17,1.65,37014.85233,34.7512,10.009,76.5,118.544,29.1491,67.36,55
Chequia,Europa,Europa Oriental,2017,10541342,79.28,1.72,38824.77572,35.9193,10.492,78.7,119.874,29.8453,67.9,57
Chequia,Europa,Europa Oriental,2018,10548937,79.29,1.74,39941.16993,37.6191,10.725,80.7,120.432,30.5513,70.34,59
Chequia,Europa,Europa Oriental,2019,10554875,79.46,1.75,40989.60817,39.3665,10.303,80.9,124.126,35.4302,NA,56
Chequia,Europa,Europa Oriental,2020,10550129,78.79,1.76,38639.86786,40.0367,9.433,81.3,123.219,36.4491,68.97,54
Chequia,Europa,Europa Oriental,2021,10530683,77.94,1.82,40744.33788,42.2171,9.935,82.7,126.173,37.4985,69.42,54
Alemania,Europa,Europa Occidental,2010,80830924,80.5,1.4,46809.12081,58.0977,12.53,82,109.364,32.3663,67.25,NA
Alemania,Europa,Europa Occidental,2011,80857874,80.67,1.39,49556.64569,58.4688,12.015,81.3,112.419,33.7099,66.21,NA
Alemania,Europa,Europa Occidental,2012,80916390,80.79,1.41,49670.70576,58.3576,11.205,82.4,114.192,34.5501,67.02,79
Alemania,Europa,Europa Occidental,2013,81041582,80.79,1.42,49752.10142,59.0147,11.305,84.2,123.435,35.3423,69.65,78
Alemania,Europa,Europa Occidental,2014,81376080,81.01,1.47,50639.84901,58.6755,11.01,86.2,122.309,36.3409,69.84,79
Alemania,Europa,Europa Occidental,2015,82077550,80.88,1.5,50952.35023,60.7444,10.829,87.6,117.401,37.4127,70.37,81
Alemania,Europa,Europa Occidental,2016,82760102,80.95,1.59,51669.81133,62.0345,11.011,84.2,125.024,38.4991,68.74,81
Alemania,Europa,Europa Occidental,2017,83104007,81.09,1.57,52856.77336,62.1681,10.828,84.4,132.003,39.9888,70.74,81
Alemania,Europa,Europa Occidental,2018,83368505,81.15,1.57,53215.25465,64.8282,10.615,87,128.946,40.9651,71.18,80
Alemania,Europa,Europa Occidental,2019,83559186,81.2,1.54,53666.40464,65.8802,10.081,88.1,128.292,42.1156,70.35,80
Alemania,Europa,Europa Occidental,2020,83628708,80.79,1.53,51570.56862,63.3929,9.184,89.8,128.425,43.3049,73.12,80
Alemania,Europa,Europa Occidental,2021,83697083,80.27,1.58,53179.6544,65.0307,9.394,91.4,127.125,44.0643,67.55,80
Djibouti,África,África Subsahariana,2010,930251,63.24,3.43,3266.4615,5.5746,0.615,6.5,17.803,0.86622,50.06,NA
Djibouti,África,África Subsahariana,2011,948558,63.65,3.34,3449.34449,5.6906,0.554,7,20.3518,1.19149,43.69,NA
Djibouti,África,África Subsahariana,2012,966747,64.08,3.26,3556.11198,5.8091,0.553,9.4,21.9776,1.54198,NA,36
Djibouti,África,África Subsahariana,2013,984824,64.47,3.19,3669.85545,5.1885,0.629,12.7,24.7885,1.79778,NA,36
Djibouti,África,África Subsahariana,2014,1002717,64.88,3.12,3860.14709,5.2512,0.661,17,28.6271,2.00475,NA,34
Djibouti,África,África Subsahariana,2015,1020313,65.28,3.04,4079.83407,5.3146,0.665,22.9,30.8092,2.36839,NA,34
Djibouti,África,África Subsahariana,2016,1037653,65.8,2.97,4297.84091,5.3788,0.646,30.8,33.2718,2.33941,NA,30
Djibouti,África,África Subsahariana,2017,1054841,66.23,2.92,4458.47194,5.4438,0.666,55.7,35.3657,2.3121,NA,31
Djibouti,África,África Subsahariana,2018,1071882,66.65,2.86,4596.37638,5.6122,0.672,57.1,36.8545,2.37974,NA,31
Djibouti,África,África Subsahariana,2019,1088709,66.82,2.8,4775.3836,5.8308,0.686,58.5,38.0144,2.24266,NA,30
Djibouti,África,África Subsahariana,2020,1105188,66.41,2.75,4766.51607,5.8134,0.673,59.9,39.2725,2.26685,NA,27
Djibouti,África,África Subsahariana,2021,1121248,66,2.7,4912.67154,6.0075,0.72,61.4,43.6424,1.39113,NA,30
Dominica,Américas,América Latina y el Caribe,2010,68859,72.43,1.89,12335.10993,12.8911,2.432,47.5,153.309,12.0696,NA,NA
Dominica,Américas,América Latina y el Caribe,2011,69053,72.43,1.86,12309.86222,12.8647,2.172,48.6,157.74,12.0299,NA,NA
Dominica,Américas,América Latina y el Caribe,2012,69118,72.35,1.83,12153.68773,12.7015,2.326,49.8,158.135,12.2978,NA,58
Dominica,Américas,América Latina y el Caribe,2013,69715,72.27,1.78,12044.22187,12.5871,2.375,51,134.225,15.3009,NA,58
Dominica,Américas,América Latina y el Caribe,2014,70373,72.2,1.71,12516.38405,13.0805,2.476,57.5,104.992,15.3255,NA,58
Dominica,Américas,América Latina y el Caribe,2015,70410,71.54,1.65,12063.89568,12.6077,2.473,65,109.72,21.5296,NA,NA
Dominica,Américas,América Latina y el Caribe,2016,69606,72.3,1.58,12385.26909,12.9435,2.52,67,112.697,22.2495,NA,59
Dominica,Américas,América Latina y el Caribe,2017,68496,71.23,1.54,11511.60642,12.0305,2.536,69.6,109.831,22.5166,NA,57
Dominica,Américas,América Latina y el Caribe,2018,68174,72.3,1.52,11849.30154,12.3834,2.549,NA,112.682,16.8891,NA,57
Dominica,Américas,América Latina y el Caribe,2019,67880,72.32,1.5,12395.42047,12.9541,2.539,73.4,115.103,22.3998,NA,55
Dominica,Américas,América Latina y el Caribe,2020,67573,72.41,1.5,10255.85961,10.718,2.358,75.7,110.409,27.0611,NA,55
Dominica,Américas,América Latina y el Caribe,2021,67202,71.59,1.48,10899.41453,11.3907,2.523,82.7,92.5136,20.9562,NA,55
Dinamarca,Europa,Europa Septentrional,2010,5547863,79.52,1.86,50099.10513,58.5698,11.192,88.7,115.734,38.076,77.71,NA
Dinamarca,Europa,Europa Septentrional,2011,5570849,79.94,1.75,50560.21413,57.6359,10.68,89.8,128.763,38.4725,77.88,NA
Dinamarca,Europa,Europa Septentrional,2012,5591917,80.25,1.72,50484.41624,57.2925,9.392,92.3,130.416,38.9767,75.2,90
Dinamarca,Europa,Europa Septentrional,2013,5615333,80.52,1.67,50743.61556,58.6878,9.257,94.6,125.213,40.4678,75.89,91
Dinamarca,Europa,Europa Septentrional,2014,5643794,80.8,1.69,51304.55247,59.0923,8.984,96,126.869,41.4926,75.08,92
Dinamarca,Europa,Europa Septentrional,2015,5683701,80.99,1.71,52136.79761,59.6639,8.622,96.3,124.554,42.3133,75.14,91
Dinamarca,Europa,Europa Septentrional,2016,5728201,81.03,1.78,53410.69189,60.6679,8.651,97,121.941,42.9699,75.58,90
Dinamarca,Europa,Europa Septentrional,2017,5765168,81.06,1.75,54565.62072,62.1365,8.55,97.1,123.862,43.5698,75.94,88
Dinamarca,Europa,Europa Septentrional,2018,5793824,81.09,1.73,55375.96665,62.7398,8.666,97.3,124.55,43.7691,76.49,88
Dinamarca,Europa,Europa Septentrional,2019,5814618,81.13,1.7,56002.07917,62.7364,7.963,98,124.573,43.623,76.93,87
Dinamarca,Europa,Europa Septentrional,2020,5831530,81.24,1.68,54485.16854,64.5187,7.269,96.5,124.37,44.4186,75.15,88
Dinamarca,Europa,Europa Septentrional,2021,5856776,81.08,1.73,57962.654090000004,67.3589,7.762,98.9,125.604,44.9598,76.99,88
República Dominicana,Américas,América Latina y el Caribe,2010,9820175,73.5,2.56,12677.01756,12.2305,7.43,31.4,90.5563,3.97656,47.35,NA
República Dominicana,Américas,América Latina y el Caribe,2011,9945621,73.42,2.53,12905.28899,12.6917,5.321,38,88.1874,4.26237,53.97,NA
República Dominicana,Américas,América Latina y el Caribe,2012,10070411,72.87,2.5,13087.94899,12.1349,5.771,42.3,88.7173,4.80244,47.53,32
República Dominicana,Américas,América Latina y el Caribe,2013,10193833,72.32,2.47,13555.51136,12.8184,4.727,45.9,90.2547,5.1669,50.16,29
República Dominicana,Américas,América Latina y el Caribe,2014,10315528,72.17,2.45,14334.73386,13.289,3.566,49.6,80.4955,5.81644,53.87,32
República Dominicana,Américas,América Latina y el Caribe,2015,10434829,72,2.43,15145.46946,14.5892,3.455,54.2,84.3066,6.57516,50.62,33
República Dominicana,Américas,América Latina y el Caribe,2016,10551430,72.1,2.41,15967.20228,15.6292,2.875,63.9,82.5303,7.21471,52.39,31
República Dominicana,Américas,América Latina y el Caribe,2017,10666843,72.49,2.4,16524.53384,14.7882,2.862,67.6,82.2092,7.69279,56.05,29
República Dominicana,Américas,América Latina y el Caribe,2018,10782053,72.86,2.4,17484.121760000002,16.2328,2.943,74.8,82.8937,7.98202,54.33,30
República Dominicana,Américas,América Latina y el Caribe,2019,10894043,73.19,2.37,18171.06096,16.4693,3.066,79.7,82.1376,8.5357,60.04,28
República Dominicana,Américas,América Latina y el Caribe,2020,11008300,72.5,2.33,16768.4261,14.5293,2.847,81.6,81.6619,9.37345,51.68,28
República Dominicana,Américas,América Latina y el Caribe,2021,11123476,72.23,2.29,18626.07868,14.0436,3.047,85.2,87.5208,10.3195,60.31,30
Argelia,África,África Septentrional,2010,36188236,74.48,2.88,10985.87626,9.0766,3.277,12.5,90.5824,2.487,54.64,NA
Argelia,África,África Septentrional,2011,36903376,74.69,2.9,11102.66679,9.2255,3.271,14.9,96.5113,2.65762,53.17,NA
Argelia,África,África Septentrional,2012,37646166,74.93,3,11150.34943,9.3556,3.43,18.2,99.6853,3.06737,56.05,34
Argelia,África,África Septentrional,2013,38414171,75.12,3,11217.45924,9.4303,3.475,22.5,102.871,3.3321,NA,36
Argelia,África,África Septentrional,2014,39205031,75.27,3.08,11448.5459,9.5968,3.682,29.5,110.44,4.08032,63.55,36
Argelia,África,África Septentrional,2015,40019529,75.44,3.09,11580.95494,9.7548,3.797,38.2,108.016,5.6706,NA,36
Argelia,África,África Septentrional,2016,40850721,75.71,3.09,11795.12521,9.8683,3.642,42.9,115.154,7.00004,53.41,34
Argelia,África,África Septentrional,2017,41689299,75.92,3.09,11740.03641,9.8028,3.56,47.7,109.97,7.70046,52.49,33
Argelia,África,África Septentrional,2018,42505035,76.02,3.02,11679.96017,9.7334,3.691,49,110.938,7.21567,50.43,35
Argelia,África,África Septentrional,2019,43294546,76.2,3,11570.28137,9.6516,3.768,55.8,104.922,8.27527,47.45,35
Argelia,África,África Septentrional,2020,44042091,74.19,2.94,10802.97974,9.002,3.694,63.5,103.437,8.60645,54.38,36
Argelia,África,África Septentrional,2021,44761099,76.1,2.87,11029.13878,9.1551,3.804,72.2,105.037,9.33184,52.17,33
Ecuador,Américas,América Latina y el Caribe,2010,15076695,74.27,2.62,9294.35455,13.4329,2.619,29,98.0369,1.46796,58.38,NA
Ecuador,Américas,América Latina y el Caribe,2011,15326227,74.87,2.61,9918.4593,13.8755,2.807,31.4,100.042,4.29932,57.95,NA
Ecuador,Américas,América Latina y el Caribe,2012,15572194,74.94,2.51,10325.26728,14.7833,2.735,35.1,105.68,5.41802,59.61,32
Ecuador,Américas,América Latina y el Caribe,2013,15807128,75.23,2.36,10901.50299,15.2988,2.887,40.3,105.182,6.69605,60.19,35
Ecuador,Américas,América Latina y el Caribe,2014,16035124,75.56,2.27,11194.88234,15.471,3.085,45.6,103.559,8.2296,59.46,33
Ecuador,Américas,América Latina y el Caribe,2015,16266225,75.88,2.21,11043.63886,15.5801,2.907,48.9,79.5746,9.14528,59.64,32
Ecuador,Américas,América Latina y el Caribe,2016,16505139,75.86,2.12,10805.09064,15.2588,2.657,54.1,84.1088,9.75203,61.15,31
Ecuador,Américas,América Latina y el Caribe,2017,16759519,76.02,2.13,11273.70958,15.6947,2.723,55.8,87.4214,10.6125,58.4,32
Ecuador,Américas,América Latina y el Caribe,2018,17049547,76.19,2.11,11178.06237,15.6584,2.642,57.5,92.5118,11.4584,61.28,34
Ecuador,Américas,América Latina y el Caribe,2019,17340021,76.38,2.04,10984.76131,15.3802,2.694,59.2,91.4249,12.0672,58.09,38
Ecuador,Américas,América Latina y el Caribe,2020,17546065,71.29,1.97,9830.42581,13.677,2.306,70.7,88.2555,13.5147,53.54,39
Ecuador,Américas,América Latina y el Caribe,2021,17682454,72.79,1.91,10668.75829,14.6832,2.647,69.1,94.9506,14.0284,54.35,36
Egipto,África,África Septentrional,2010,89196072,69.44,3.3,10333.27557,6.5465,2.289,21.6,79.2199,1.62746,46.69,NA
Egipto,África,África Septentrional,2011,91093059,69.62,3.31,10286.0102,6.6174,2.351,25.6,91.5823,2.02567,41.74,NA
Egipto,África,África Septentrional,2012,93161001,69.68,3.4,10279.86042,6.6891,2.415,26.4,103.905,2.45679,42.04,32
Egipto,África,África Septentrional,2013,95333553,70.08,3.49,10264.06416,6.8707,2.278,29.4,104.585,2.80726,35.59,32
Egipto,África,África Septentrional,2014,97528654,70.26,3.49,10318.65092,7.0573,2.504,33.9,97.7313,3.14562,48.85,37
Egipto,África,África Septentrional,2015,99597342,69.92,3.5,10534.8822,7.2489,2.515,37.8,94.3962,3.84188,47.63,36
Egipto,África,África Septentrional,2016,101644589,70.21,3.35,10765.8288,6.7581,2.591,41.2,96.2092,4.39685,45.57,34
Egipto,África,África Septentrional,2017,103696057,70.52,3.31,10995.00567,6.3006,2.493,45,99.2884,5.04732,39.29,32
Egipto,África,África Septentrional,2018,105682094,70.74,3.02,11363.31802,6.5255,2.324,46.9,88.7421,6.26825,40.05,35
Egipto,África,África Septentrional,2019,107553158,70.97,2.87,11780.9621,6.7584,2.384,57.3,88.6448,7.04131,43.28,35
Egipto,África,África Septentrional,2020,109315124,70.6,2.85,11989.59925,6.8781,2.236,71.9,87.2317,8.53963,44.72,33
Egipto,África,África Septentrional,2021,110957008,69.84,2.75,12180.45165,6.9876,2.352,72.1,84.0866,9.76582,40.26,33
Eritrea,África,África Subsahariana,2010,2945186,59.95,4.57,1437.016,2.4128,0.157,0.61,6.29077,0.00401,NA,NA
Eritrea,África,África Subsahariana,2011,2998485,60.38,4.49,1781.739,2.9917,0.174,0.7,8.06871,0.0047,NA,NA
Eritrea,África,África Subsahariana,2012,3036988,60.86,4.41,1795.235,3.0143,0.19,0.8,10.0522,0.00609,NA,25
Eritrea,África,África Subsahariana,2013,3074360,61.3,4.34,1592.332,2.6736,0.191,0.9,11.542,0.00475,NA,20
Eritrea,África,África Subsahariana,2014,3095173,61.76,4.27,2066.02,3.469,0.205,0.99,13.4855,0.00646,NA,18
Eritrea,África,África Subsahariana,2015,3105546,62.2,4.22,1624.28,2.7273,0.201,1.08,15.2952,0.0161,NA,18
Eritrea,África,África Subsahariana,2016,3124698,62.59,4.16,1726.77,2.8994,0.204,1.18,16.1936,0.0192,NA,18
Eritrea,África,África Subsahariana,2017,3150347,63.01,4.11,1537.449,2.5815,0.212,2.5,22.0611,0.03174,NA,20
Eritrea,África,África Subsahariana,2018,3192760,63.42,4.06,1717.681,2.8841,0.215,5.3,NA,NA,NA,24
Eritrea,África,África Subsahariana,2019,3240194,63.8,4,1761.128,2.957,0.219,11.2,40.4605,0.09259,NA,23
Eritrea,África,África Subsahariana,2020,3291271,63.64,3.93,1822.58943,3.0602,0.215,14.3,54.7205,0.15192,NA,21
Eritrea,África,África Subsahariana,2021,3350183,63.08,3.87,1886.19579,3.167,0.23,18.4,53.7583,0.14925,NA,22
España,Europa,Europa Meridional,2010,46840471,82.08,1.37,36942.78903,46.1502,7.006,65.8,109.712,22.7418,61.88,NA
España,Europa,Europa Meridional,2011,46998043,82.25,1.34,36511.96078,44.4234,6.837,67.1,111.899,23.7623,65.18,NA
España,Europa,Europa Meridional,2012,47018323,82.41,1.32,35408.60345,42.3239,6.302,69.8,107.756,24.5107,62.91,65
España,Europa,Europa Meridional,2013,46860389,82.71,1.28,35026.28214,41.166,5.905,71.6,107.039,26.1459,61.5,59
España,Europa,Europa Meridional,2014,46720188,82.83,1.32,35621.5022,41.3769,6.051,76.2,108.746,27.8359,64.56,60
España,Europa,Europa Meridional,2015,46683686,82.78,1.33,37017.55064,42.5675,6.068,78.7,109.391,29.0099,63.81,58
España,Europa,Europa Meridional,2016,46732771,82.97,1.33,38109.87042,44.1224,5.892,80.6,110.247,30.1986,63.19,58
España,Europa,Europa Meridional,2017,46868596,83.04,1.31,39151.97536,44.6,6.307,84.6,112.03,31.2965,62.3,57
España,Europa,Europa Meridional,2018,47092821,83.07,1.26,39871.37742,44.8506,6.347,86.1,115.009,32.2277,65.13,58
España,Europa,Europa Meridional,2019,47435119,83.09,1.23,40371.61639,46.8662,5.975,90.7,116.696,32.922,64.57,62
España,Europa,Europa Meridional,2020,47679489,81.85,1.19,35688.432460000004,46.9994,5.32,93.2,116.712,33.9528,65.02,62
España,Europa,Europa Meridional,2021,47735664,82.57,1.19,37933.47021,49.5412,5.714,93.9,119,34.9302,64.7,61
Estonia,Europa,Europa Septentrional,2010,1331448,76.25,1.72,26236.39349,23.6956,12.898,74.1,124.136,26.1282,NA,NA
Estonia,Europa,Europa Septentrional,2011,1327358,76.25,1.62,28227.52892,24.5606,14.659,76.5,136.065,26.2888,54.87,NA
Estonia,Europa,Europa Septentrional,2012,1322616,76.49,1.56,29243.25764,25.9744,13.261,78.4,151.197,26.4254,53.64,64
Estonia,Europa,Europa Septentrional,2013,1317919,77.22,1.52,29775.53001,28.2896,12.98,80,146.247,27.3877,53.67,68
Estonia,Europa,Europa Septentrional,2014,1314452,77.25,1.54,30752.72563,30.5639,13.123,84.2,144.361,28.2254,55.56,69
Estonia,Europa,Europa Septentrional,2015,1314576,77.78,1.58,31302.05379,32.6803,13.659,88.4,144.803,29.6883,56.29,70
Estonia,Europa,Europa Septentrional,2016,1315849,77.69,1.6,32280.41147,34.7553,12.569,87.2,144.235,31.4989,56.5,70
Estonia,Europa,Europa Septentrional,2017,1317425,77.79,1.6,34108.78659,36.7473,12.728,88.1,144.557,32.522,59.38,71
Estonia,Europa,Europa Septentrional,2018,1321965,77.9,1.67,35276.54151,38.9457,13.531,89.4,145.543,33.3725,60.91,73
Estonia,Europa,Europa Septentrional,2019,1326822,78.05,1.66,36563.38172,41.0067,11.004,90.2,147.047,33.8508,60.35,74
Estonia,Europa,Europa Septentrional,2020,1329669,77.72,1.59,36138.92861,42.843,9.334,89.1,144.832,34.27,64.53,75
Estonia,Europa,Europa Septentrional,2021,1331749,76.53,1.59,38717.69615,46.2272,10.478,91,148.74,37.3572,65.54,74
Etiopía,África,África Subsahariana,2010,90538514,63.05,5.28,1236.47941,3.3835,0.056,0.75,7.57026,0.00454,NA,NA
Etiopía,África,África Subsahariana,2011,93149970,64.05,5.08,1336.06695,3.4517,0.06,1.1,15.1655,0.00682,NA,NA
Etiopía,África,África Subsahariana,2012,95798767,64.89,4.89,1411.13593,3.5214,0.079,2.9,21.424,0.00891,45.61,33
Etiopía,África,África Subsahariana,2013,98438751,65.6,4.71,1518.14376,3.5925,0.085,4.6,26.0536,0.24184,44.45,33
Etiopía,África,África Subsahariana,2014,101115610,66.25,4.61,1629.18907,3.665,0.105,7.7,30.1536,0.46609,45.07,33
Etiopía,África,África Subsahariana,2015,103867135,66.84,4.53,1750.67273,3.739,0.111,13.9,40.7363,0.4602,45.73,33
Etiopía,África,África Subsahariana,2016,106718162,67.36,4.47,1864.48767,3.9821,0.123,15.4,47.9993,0.52381,42.98,34
Etiopía,África,África Subsahariana,2017,109666481,67.92,4.4,1987.96875,4.2458,0.185,15.6,36.1095,0.0574,41.8,35
Etiopía,África,África Subsahariana,2018,112664152,68.38,4.37,2067.4565,4.4156,0.173,15.9,NA,NA,43.79,34
Etiopía,África,África Subsahariana,2019,115737383,68.84,4.35,2181.65888,4.6595,0.188,16,36.2199,0.13738,41,37
Etiopía,África,África Subsahariana,2020,118917671,68.36,4.27,2253.23579,4.8123,0.172,16.1,37.4208,0.17827,45.49,38
Etiopía,África,África Subsahariana,2021,122138588,67.94,4.18,2319.16106,4.9531,0.184,16.7,52.8089,0.39938,NA,39
Finlandia,Europa,Europa Septentrional,2010,5363350,80.4,1.86,45967.58218,54.7041,15.332,86.9,156.432,29.0751,73.93,NA
Finlandia,Europa,Europa Septentrional,2011,5388241,80.71,1.83,46920.67234,55.0163,13.066,88.7,165.917,29.8056,73.54,NA
Finlandia,Europa,Europa Septentrional,2012,5413971,80.91,1.8,46045.32442,55.1481,12.462,89.9,172.147,30.4324,74.2,90
Finlandia,Europa,Europa Septentrional,2013,5439053,81.16,1.75,45420.39009,54.9317,12.173,91.5,136.259,31.6268,74.45,89
Finlandia,Europa,Europa Septentrional,2014,5461684,81.41,1.71,45067.87863,54.6476,11.225,86.5,139.199,32.197,73.85,89
Finlandia,Europa,Europa Septentrional,2015,5479717,81.68,1.65,45163.88647,55.1474,10.01,86.4,134.974,31.5691,74.48,90
Finlandia,Europa,Europa Septentrional,2016,5495469,81.76,1.57,46300.38143,55.7739,10.344,87.7,131.383,31.1529,76.6,89
Finlandia,Europa,Europa Septentrional,2017,5508396,81.77,1.49,47666.48871,56.9383,10.011,87.5,129.983,31.0435,77.88,85
Finlandia,Europa,Europa Septentrional,2018,5515736,81.83,1.41,48145.84874,57.834,10.443,88.9,129.629,31.4917,78.58,85
Finlandia,Europa,Europa Septentrional,2019,5521759,81.87,1.35,48681.841590000004,58.8479,9.591,89.6,129.488,32.544,77.8,86
Finlandia,Europa,Europa Septentrional,2020,5529612,81.86,1.37,47467.16978,58.8233,8.634,92.2,128.761,33.3839,78.89,85
Finlandia,Europa,Europa Septentrional,2021,5541075,82.03,1.46,48713.29149,60.4898,8.849,92.8,129.036,33.6397,77.94,88
Fiji,Oceanía,Melanesia,2010,910419,67.64,2.7,9999.75548,10.8789,1.398,20,76.6592,2.55377,NA,NA
Fiji,Oceanía,Melanesia,2011,912989,67.7,2.63,10234.24084,10.8265,1.238,28,79.6286,2.54658,NA,NA
Fiji,Oceanía,Melanesia,2012,914918,67.73,2.61,10347.8745,10.7744,1.204,33.7,93.8673,1.47729,NA,NA
Fiji,Oceanía,Melanesia,2013,916352,67.87,2.6,10809.36171,10.7225,1.522,35.2,101.534,1.19245,NA,NA
Fiji,Oceanía,Melanesia,2014,917585,67.96,2.59,11388.79609,10.1918,1.875,37.4,95.4872,1.35432,NA,NA
Fiji,Oceanía,Melanesia,2015,918578,68.02,2.57,11880.14827,9.6873,2.455,42.5,105.157,1.38627,NA,NA
Fiji,Oceanía,Melanesia,2016,919166,67.96,2.52,12155.17667,9.2078,2.316,49.4,113.656,1.34165,NA,NA
Fiji,Oceanía,Melanesia,2017,918759,68.19,2.46,12796.85816,8.7521,2.361,53.6,112.534,1.3208,NA,NA
Fiji,Oceanía,Melanesia,2018,917180,68.27,2.42,13285.05182,8.3189,2.407,58.2,110.665,2.08214,NA,NA
Fiji,Oceanía,Melanesia,2019,914899,68.38,2.39,13215.56751,7.9071,2.502,63.2,112.581,2.34496,NA,NA
Fiji,Oceanía,Melanesia,2020,914963,68.41,2.36,10940.34098,6.5489,2.385,68.6,108.365,2.52054,NA,NA
Fiji,Oceanía,Melanesia,2021,916711,67.6,2.33,10359.2037,6.186,2.552,74.5,108.158,2.51573,NA,55
Francia,Europa,Europa Occidental,2010,63417363,81.58,2.02,42194.15547,58.1047,8.021,77.3,91.1186,33.6454,67.98,NA
Francia,Europa,Europa Occidental,2011,63733777,81.82,2,42911.71367,58.408,7.939,77.8,93.8529,35.6938,69.59,NA
Francia,Europa,Europa Occidental,2012,64058465,82,1.99,42838.2654,57.901,7.577,81.4,97.1925,37.4346,66.49,71
Francia,Europa,Europa Occidental,2013,64387734,82.26,1.97,42863.17564,57.3394,7.339,81.9,98.3479,38.7341,66.67,71
Francia,Europa,Europa Occidental,2014,64692493,82.57,1.97,43070.87535,57.9901,6.826,83.8,101.132,40.1422,64.67,69
Francia,Europa,Europa Occidental,2015,64916336,82.52,1.93,43395.64024,58.7383,6.607,78,102.718,41.3871,63.58,70
Francia,Europa,Europa Occidental,2016,65086855,82.83,1.89,43755.41469,58.948,6.71,79.3,103.817,42.5278,64.75,69
Francia,Europa,Europa Occidental,2017,65284776,82.87,1.86,44628.33454,58.6137,6.652,80.5,105.718,43.6243,66.35,70
Francia,Europa,Europa Occidental,2018,65519543,82.92,1.84,45298.00015,59.5823,6.619,82,107.482,44.4142,66.66,72
Francia,Europa,Europa Occidental,2019,65729459,82.87,1.83,45975.61248,56.189,6.416,83.3,109.601,45.2765,66.9,69
Francia,Europa,Europa Occidental,2020,65905277,82.34,1.79,42393.6486,57.3969,5.789,84.7,110.387,46.4712,67.14,69
Francia,Europa,Europa Occidental,2021,66083548,82.63,1.8,44993.12595,61.1479,6.134,86.1,113.953,47.6442,66.56,71
Micronesia (Estados Federados de),Oceanía,Micronesia,2010,107540,64.04,3.27,3290.47334,6.368,0.998,20,25.5886,0.92803,NA,NA
Micronesia (Estados Federados de),Oceanía,Micronesia,2011,107698,64.12,3.22,3385.98248,6.0854,1.134,22.8,25.6272,NA,NA,NA
Micronesia (Estados Federados de),Oceanía,Micronesia,2012,107890,64.2,3.18,3312.18064,5.8152,1.193,26,28.9304,NA,NA,NA
Micronesia (Estados Federados de),Oceanía,Micronesia,2013,108121,64.22,3.13,3179.22601,5.5571,1.281,27.8,29.0351,1.90805,NA,NA
Micronesia (Estados Federados de),Oceanía,Micronesia,2014,108396,64.19,3.09,3094.0975,5.4083,1.263,29.7,NA,2.8525,NA,NA
Micronesia (Estados Federados de),Oceanía,Micronesia,2015,108716,64.05,3.05,3224.15019,5.6356,1.313,31.5,20.7007,3.01428,NA,NA
Micronesia (Estados Federados de),Oceanía,Micronesia,2016,109075,64.13,3,3226.11262,5.6624,1.298,33.4,21.4641,2.90534,NA,NA
Micronesia (Estados Federados de),Oceanía,Micronesia,2017,109481,64.15,2.96,3237.79044,5.7877,1.317,35.3,21.1123,3.449,NA,NA
Micronesia (Estados Federados de),Oceanía,Micronesia,2018,109909,64.14,2.92,3223.22566,5.7739,1.339,36.6,NA,NA,NA,NA
Micronesia (Estados Federados de),Oceanía,Micronesia,2019,110282,64.13,2.88,3341.23168,5.8181,1.392,38,20.8556,4.53383,NA,NA
Micronesia (Estados Federados de),Oceanía,Micronesia,2020,110916,63.77,2.85,3254.47453,5.6783,1.327,39.4,19.8348,5.4095,NA,NA
Micronesia (Estados Federados de),Oceanía,Micronesia,2021,111624,63.8,2.82,3315.2877,5.4475,1.42,NA,19.709,5.37519,NA,NA
Gabón,África,África Subsahariana,2010,1719879,63.27,4.15,13682.84753,10.1098,2.94,13,93.6112,0.23734,NA,NA
Gabón,África,África Subsahariana,2011,1781985,63.69,4.15,14145.6508,10.4015,2.923,18,133.01,0.25253,42.55,NA
Gabón,África,África Subsahariana,2012,1846889,64.47,4.09,14367.99991,10.7015,2.877,24,138.488,0.27073,39.72,35
Gabón,África,África Subsahariana,2013,1913059,65.28,4.02,14655.36555,11.0103,2.896,30.5,143.499,0.46522,38,34
Gabón,África,África Subsahariana,2014,1978399,65.89,3.95,14785.39867,11.3279,2.817,38.1,148.238,0.5459,39.18,37
Gabón,África,África Subsahariana,2015,2040989,66.27,3.92,14892.03579,11.6547,2.693,45.8,138.244,0.54297,46.61,34
Gabón,África,África Subsahariana,2016,2100306,66.63,3.92,14783.07812,11.991,2.637,48.1,141.05,0.71504,48.32,35
Gabón,África,África Subsahariana,2017,2156900,67.05,3.91,14478.13031,12.3369,2.575,51.6,123.475,0.68371,47.82,32
Gabón,África,África Subsahariana,2018,2212318,67.46,3.91,14254.4617,12.1463,2.53,55.4,132.465,0.95312,47.83,31
Gabón,África,África Subsahariana,2019,2267706,67.81,3.88,14478.00172,12.3368,2.583,59.5,131.975,1.07496,49.14,31
Gabón,África,África Subsahariana,2020,2322539,67.74,3.83,13903.28895,11.8471,2.532,63.9,131.302,1.92061,48.87,30
Gabón,África,África Subsahariana,2021,2376722,67.02,3.78,13814.4952,11.7714,2.71,68.6,132.309,2.65142,50.75,31
Reino Unido,Europa,Europa Septentrional,2010,63006483,80.58,1.92,41443.5815,52.0737,10.779,85,121.781,30.3961,70.29,NA
Reino Unido,Europa,Europa Septentrional,2011,63509285,80.81,1.91,41591.83623,50.9106,9.657,85.4,121.498,32.4187,68.69,NA
Reino Unido,Europa,Europa Septentrional,2012,63960484,80.92,1.91,41928.52706,50.7409,9.951,87.5,122.465,33.9048,68.81,74
Reino Unido,Europa,Europa Septentrional,2013,64389388,80.96,1.83,42395.13104,51.0363,9.596,89.8,122.185,35.782,69.18,76
Reino Unido,Europa,Europa Septentrional,2014,64865916,81.09,1.81,43428.96786,52.5582,9.187,91.6,120.958,36.5828,67.58,78
Reino Unido,Europa,Europa Septentrional,2015,65382110,81.05,1.8,44042.83575,53.3483,9.012,92,121.212,37.7215,65.15,81
Reino Unido,Europa,Europa Septentrional,2016,65893358,81.09,1.79,44550.01073,53.6527,8.717,94.8,119.787,38.6589,68.24,81
Reino Unido,Europa,Europa Septentrional,2017,66354471,81.16,1.74,45423.20029,53.3335,8.252,90.4,119.207,39.2489,71.03,82
Reino Unido,Europa,Europa Septentrional,2018,66752475,81.05,1.68,45782.59534,54.4144,8.021,90.7,118.184,39.8294,72.33,80
Reino Unido,Europa,Europa Septentrional,2019,67110958,81.07,1.63,46272.39282,55.1567,7.657,92.5,120.25,40.0228,71.57,77
Reino Unido,Europa,Europa Septentrional,2020,67351861,79.79,1.57,41327.18445,54.886,6.891,94.8,117.305,40.5775,67.98,77
Reino Unido,Europa,Europa Septentrional,2021,67668792,80.09,1.58,44949.09304,59.1043,6.996,96.2,117.887,41.1135,68.67,78
Georgia,Asia,Asia Occidental,2010,3895925,71.88,1.97,9246.94649,6.0811,2.079,26.9,102.113,4.68264,41.02,NA
Georgia,Asia,Asia Occidental,2011,3868724,72.17,1.92,10061.01334,6.3028,2.678,31.5,114.517,6.42341,42.03,NA
Georgia,Asia,Asia Occidental,2012,3839208,72.45,1.93,10802.18326,6.7644,2.875,36.9,122.384,12.0611,42.54,52
Georgia,Asia,Asia Occidental,2013,3809125,72.92,1.99,11390.87877,7.4255,2.757,43.3,131.083,13.5709,43.49,49
Georgia,Asia,Asia Occidental,2014,3792916,73.18,2.18,11851.25566,7.7564,2.993,49.1,142.391,15.8407,42.88,52
Georgia,Asia,Asia Occidental,2015,3791573,73.29,2.21,12229.12026,7.8263,3.113,47.6,146.396,16.7647,41.22,52
Georgia,Asia,Asia Occidental,2016,3792057,73.14,2.23,12643.48605,7.8908,3.078,58.5,145.881,17.9596,44.48,57
Georgia,Asia,Asia Occidental,2017,3792859,73.2,2.14,13294.09794,8.1343,2.985,59.7,145.072,20.4644,44.51,56
Georgia,Asia,Asia Occidental,2018,3794877,73.28,2.09,14105.49623,7.9676,3.313,62.7,143.858,22.5911,46.59,58
Georgia,Asia,Asia Occidental,2019,3796722,73.4,2.02,14889.99761,7.9745,3.188,68.8,141.755,24.6806,48.92,56
Georgia,Asia,Asia Occidental,2020,3795678,72.7,1.98,13943.76996,7.2557,3.453,72.5,134.366,25.512,51.23,56
Georgia,Asia,Asia Occidental,2021,3788451,71.63,1.98,15486.65898,7.5468,3.695,76.4,146.566,26.6464,49.11,55
Ghana,África,África Subsahariana,2010,25474995,61.79,4.18,3719.28069,4.3775,0.575,7.8,68.4473,0.20445,46.06,NA
Ghana,África,África Subsahariana,2011,26095088,62.41,4.18,4139.56211,4.6041,0.697,9,81.1104,0.24966,56.08,NA
Ghana,África,África Subsahariana,2012,26734268,63.01,4.15,4414.27801,4.8423,0.882,10.6,95.8262,0.25485,50.57,45
Ghana,África,África Subsahariana,2013,27386193,63.47,4.11,4622.31288,4.9029,0.792,15,102.338,0.2512,49.65,46
Ghana,África,África Subsahariana,2014,28041592,63.88,4.03,4641.23667,4.9642,0.799,19,108.27,0.25023,38.6,48
Ghana,África,África Subsahariana,2015,28696068,64.22,3.98,4628.92194,5.0263,0.808,23,121.997,0.25485,39.86,47
Ghana,África,África Subsahariana,2016,29356742,64.65,3.87,4674.43497,5.0892,0.72,28,130.481,0.29498,45.14,43
Ghana,África,África Subsahariana,2017,30008354,65.11,3.72,4942.70444,5.3813,0.672,37.9,122.472,0.18931,54.81,40
Ghana,África,África Subsahariana,2018,30637585,65.77,3.65,5138.90743,5.5949,0.698,43,133.61,0.19998,50.04,41
Ghana,África,África Subsahariana,2019,31258945,66.31,3.59,5360.18764,5.8358,0.699,22.1,130.705,0.1872,49.67,41
Ghana,África,África Subsahariana,2020,31887809,65.67,3.54,5277.55303,5.7458,0.709,62.5,126.887,0.24577,53.19,43
Ghana,África,África Subsahariana,2021,32518665,65.34,3.49,5435.23769,5.9333,0.758,68.6,124.403,0.35224,43.78,43
Guinea,África,África Subsahariana,2010,10396086,57.56,5.44,1856.49038,3.5057,0.419,1,38.476,0.00481,NA,NA
Guinea,África,África Subsahariana,2011,10656810,57.91,5.34,1912.81786,3.6787,0.449,2,45.6102,0.00563,40.45,NA
Guinea,África,África Subsahariana,2012,10921581,58.19,5.23,1976.95809,3.8603,0.426,3.1,51.1345,0.00641,36.52,24
Guinea,África,África Subsahariana,2013,11191873,58.4,5.15,2005.38191,3.9452,0.185,4.5,66.4453,0.00715,39.02,24
Guinea,África,África Subsahariana,2014,11472924,57.86,5.07,2028.51478,4.0319,0.181,6.4,75.6869,0.00784,34.12,25
Guinea,África,África Subsahariana,2015,11767070,58.49,5,2053.1116,4.1205,0.206,9.2,91.4756,0.0085,35.05,25
Guinea,África,África Subsahariana,2016,12073030,59.26,4.92,2217.10931,4.211,0.429,13.1,92.0233,0.00911,36.03,27
Guinea,África,África Subsahariana,2017,12385659,59.91,4.79,2383.57887,4.3036,0.423,18.7,94.4641,0.0091,48.74,27
Guinea,África,África Subsahariana,2018,12704774,60.57,4.67,2471.719,4.3982,0.446,21.8,94.555,0.00955,52.52,28
Guinea,África,África Subsahariana,2019,13034346,61.24,4.58,2545.1402,4.5288,0.496,22.6,98.7621,0.00959,47.68,29
Guinea,África,África Subsahariana,2020,13371183,60.84,4.49,2604.11723,4.6338,0.433,23.4,103.17,0.00748,49.72,28
Guinea,África,África Subsahariana,2021,13710513,60.39,4.4,2640.34419,4.6982,0.463,24.3,100.616,0.00729,49.45,25
Gambia,África,África Subsahariana,2010,1926630,63.71,5.56,2151.75312,4.4214,0.241,9.2,76.7323,0.01817,NA,NA
Gambia,África,África Subsahariana,2011,1983784,64.17,5.54,1916.52183,4.5495,0.242,10.9,70.6308,0.02203,NA,NA
Gambia,África,África Subsahariana,2012,2043094,64.53,5.52,1955.51749,4.6812,0.239,12.4,74.7,0.02447,NA,34
Gambia,África,África Subsahariana,2013,2103820,64.79,5.39,1951.24101,4.8168,0.22,14,87.8808,0.02082,NA,28
Gambia,África,África Subsahariana,2014,2164528,65.03,5.2,1867.40252,4.9564,0.254,15.6,105.505,0.12673,NA,29
Gambia,África,África Subsahariana,2015,2224529,65.36,5,1887.88887,5.0999,0.251,17.6,122.079,0.16062,NA,28
Gambia,África,África Subsahariana,2016,2283769,65.69,4.81,1871.36091,5.0969,0.247,19.9,124.274,0.1642,NA,26
Gambia,África,África Subsahariana,2017,2342189,66.04,4.61,1908.90617,5.0938,0.266,22.5,126.634,0.17078,41.18,30
Gambia,África,África Subsahariana,2018,2399632,66.39,4.42,1993.65195,5.0907,0.268,28.3,132.578,0.18474,49.22,37
Gambia,África,África Subsahariana,2019,2456844,66.74,4.33,2063.70476,5.0877,0.274,31.1,105.205,0.20351,51.64,37
Gambia,África,África Subsahariana,2020,2515733,65.55,4.25,2023.39888,5.0846,0.268,34.2,106.448,0.19875,NA,37
Gambia,África,África Subsahariana,2021,2576010,64.99,4.17,2076.56643,5.1691,0.287,37.6,108.847,0.1941,NA,37
Guinea-Bissau,África,África Subsahariana,2010,1566347,56.2,5.11,1585.38765,2.5929,0.157,2.45,43.2449,0.05107,NA,NA
Guinea-Bissau,África,África Subsahariana,2011,1608076,56.87,5.07,1669.05403,2.7545,0.157,2.67,45.5597,0.06219,NA,NA
Guinea-Bissau,África,África Subsahariana,2012,1651417,57.41,5,1597.08926,2.9262,0.158,2.89,63.5329,0.07285,NA,25
Guinea-Bissau,África,África Subsahariana,2013,1695973,57.92,4.93,1605.34647,3.1087,0.156,3.1,55.42,0.08561,NA,19
Guinea-Bissau,África,África Subsahariana,2014,1741122,58.25,4.79,1578.47505,3.3025,0.16,3.32,63.6542,0.08012,NA,19
Guinea-Bissau,África,África Subsahariana,2015,1786457,58.75,4.66,1632.58693,3.5084,0.16,6.1,69.3268,0.05883,NA,17
Guinea-Bissau,África,África Subsahariana,2016,1831893,59.31,4.52,1676.45747,3.7271,0.165,13.8,70.1916,0.04837,NA,16
Guinea-Bissau,África,África Subsahariana,2017,1877072,59.84,4.35,1714.43323,3.9595,0.179,14.8,76.4394,0.04544,NA,17
Guinea-Bissau,África,África Subsahariana,2018,1922168,60.33,4.24,1737.2155,4.2063,0.181,15.7,77.0219,0.06264,NA,16
Guinea-Bissau,África,África Subsahariana,2019,1967696,60.95,4.15,1773.47059,4.2941,0.185,17.9,80.8245,0.06236,NA,18
Guinea-Bissau,África,África Subsahariana,2020,2013255,60.07,4.08,1759.55774,4.0967,0.181,20.5,95.0629,0.11837,NA,19
Guinea-Bissau,África,África Subsahariana,2021,2058841,59.72,4,1831.38323,4.1597,0.194,23.4,108.63,0.16043,NA,21
Guinea Ecuatorial,África,África Subsahariana,2010,1189085,63.54,5.21,29577.9447,30.3002,7.306,6,33.5796,0.09974,NA,NA
Guinea Ecuatorial,África,África Subsahariana,2011,1241835,63.13,5.13,30129.45304,30.8652,9.524,11.5,38.5607,0.10839,NA,NA
Guinea Ecuatorial,África,África Subsahariana,2012,1293483,63.39,5.04,31293.10076,32.0572,6.774,13.9,38.7386,0.11442,NA,20
Guinea Ecuatorial,África,África Subsahariana,2013,1346218,64.45,4.95,28786.50651,29.4894,7.154,16.4,37.9421,0.26132,NA,19
Guinea Ecuatorial,África,África Subsahariana,2014,1399828,65.02,4.86,27762.36686,28.4403,6.512,18.9,36.9002,0.27725,NA,NA
Guinea Ecuatorial,África,África Subsahariana,2015,1453923,64.77,4.77,24263.00796,24.8555,5.159,21.3,36.6825,0.26129,NA,NA
Guinea Ecuatorial,África,África Subsahariana,2016,1508186,64.93,4.69,21302.23303,21.8224,4.653,23.8,38.1684,0.22424,NA,NA
Guinea Ecuatorial,África,África Subsahariana,2017,1562396,65.57,4.6,19377.85375,19.851,4.54,26.2,36.2336,0.12142,NA,17
Guinea Ecuatorial,África,África Subsahariana,2018,1616422,65.85,4.51,17547.64545,17.9761,4.349,NA,36.576,0.10022,NA,16
Guinea Ecuatorial,África,África Subsahariana,2019,1670177,65.98,4.43,16041.69651,16.4334,4.44,49.1,36.9422,0.05987,NA,16
Guinea Ecuatorial,África,África Subsahariana,2020,1716468,64.98,4.35,14861.47226,15.3122,4.352,55,43.3495,0.10737,NA,16
Guinea Ecuatorial,África,África Subsahariana,2021,1758786,64.85,4.27,14637.00735,14.811,4.657,58.7,46.4348,0.09768,NA,17
Grecia,Europa,Europa Meridional,2010,11124670,80.4,1.49,33598.95766,35.8559,8.306,44.4,110.5,20.2492,58.4,NA
Grecia,Europa,Europa Meridional,2011,11108844,80.49,1.4,30233.59158,29.752,7.465,51.7,109.174,22.1831,53.72,NA
Grecia,Europa,Europa Meridional,2012,11048298,80.56,1.35,28243.34313,25.8281,6.821,55.1,120.926,24.3425,50.96,36
Grecia,Europa,Europa Meridional,2013,10967540,80.87,1.29,27733.11263,24.6681,5.826,59.9,114.143,26.5619,47.2,40
Grecia,Europa,Europa Meridional,2014,10893166,81.05,1.3,28051.27021,24.5812,5.534,63.2,111.488,28.9729,47.56,43
Grecia,Europa,Europa Meridional,2015,10820903,80.92,1.33,28181.33071,24.9828,5.206,66.8,116.133,31.7814,56.23,46
Grecia,Europa,Europa Meridional,2016,10775504,81,1.38,28160.9205,25.509,5.351,69.1,116.365,33.5486,53.03,44
Grecia,Europa,Europa Meridional,2017,10753533,81.14,1.35,28524.84134,25.8919,5.367,69.9,120.306,35.1351,51.48,48
Grecia,Europa,Europa Meridional,2018,10730844,80.96,1.35,29059.65449,26.7891,5.491,72.2,113.418,36.9203,54.09,45
Grecia,Europa,Europa Meridional,2019,10718576,80.94,1.34,29637.03082,28.48,5.005,75.7,110.855,38.3566,59.52,48
Grecia,Europa,Europa Meridional,2020,10699369,80.6,1.39,26933.6514,28.8075,5.025,78.1,106.67,39.7876,57.88,50
Grecia,Europa,Europa Meridional,2021,10579561,79.8,1.43,29548.03891,31.4057,5.327,78.5,108.644,41.9213,61.04,49
Granada,Américas,América Latina y el Caribe,2010,111586,72.47,2.04,12493.99302,12.6754,2.451,27,109.284,12.938,NA,NA
Granada,Américas,América Latina y el Caribe,2011,112079,72.58,2.01,12493.24721,12.6746,2.369,30,107.83,13.0926,NA,NA
Granada,Américas,América Latina y el Caribe,2012,112775,73.16,1.97,12243.07218,12.4208,2.525,32,115.196,14.1875,NA,NA
Granada,Américas,América Latina y el Caribe,2013,113487,73.12,1.91,12420.23055,12.6005,2.814,35,117.194,15.8608,NA,NA
Granada,Américas,América Latina y el Caribe,2014,114132,73.05,1.8,13216.07692,13.4079,2.155,51.6,102.645,16.4818,NA,NA
Granada,Américas,América Latina y el Caribe,2015,114676,73.09,1.72,13948.6993,14.1512,2.375,52.5,104.439,17.2285,NA,NA
Granada,Américas,América Latina y el Caribe,2016,115130,72.87,1.62,14351.39387,14.5597,2.428,53.3,103.338,18.0848,NA,56
Granada,Américas,América Latina y el Caribe,2017,115438,73.03,1.44,14870.03149,15.0859,2.408,54.2,98.0414,19.2614,NA,52
Granada,Américas,América Latina y el Caribe,2018,115691,73.17,1.53,15401.78022,15.6254,2.43,61.4,102.619,23.3268,NA,52
Granada,Américas,América Latina y el Caribe,2019,115981,73.32,1.54,15394.03043,15.6175,2.421,64.3,100.175,27.4071,NA,53
Granada,Américas,América Latina y el Caribe,2020,116341,73.38,1.53,13175.52174,13.3668,2.248,67.4,102.079,27.4641,NA,53
Granada,Américas,América Latina y el Caribe,2021,116688,73.39,1.52,13688.29771,13.887,2.405,70.6,86.571,26.1175,NA,53
Guatemala,Américas,América Latina y el Caribe,2010,14500112,70.27,3.38,7335.98897,10.6542,0.707,10.5,124.606,1.78619,62.9,NA
Guatemala,Américas,América Latina y el Caribe,2011,14792126,70.66,3.29,7503.67466,10.3259,0.641,12.3,131.686,NA,57.43,NA
Guatemala,Américas,América Latina y el Caribe,2012,15089647,71.07,3.22,7590.75547,10.0076,0.633,16,137.757,1.85758,58.56,33
Guatemala,Américas,América Latina y el Caribe,2013,15387337,71.33,3.15,7734.11771,9.6992,0.692,19.7,141.131,2.29296,59.85,29
Guatemala,Américas,América Latina y el Caribe,2014,15681725,71.58,3.09,7939.37438,9.4003,0.722,23.4,107.844,2.76586,65.36,32
Guatemala,Américas,América Latina y el Caribe,2015,15971743,71.77,3.03,8125.65553,9.6208,0.835,28.8,113.459,2.87913,64.65,28
Guatemala,Américas,América Latina y el Caribe,2016,16268760,71.95,2.97,8206.04799,9.716,0.87,34.5,112.267,3.11026,63.59,28
Guatemala,Américas,América Latina y el Caribe,2017,16567357,72.32,2.86,8322.21681,9.8536,0.919,37.9,120.638,3.2051,63.25,28
Guatemala,Américas,América Latina y el Caribe,2018,16845685,72.41,2.74,8469.11529,10.0275,1.375,41.5,121.5,NA,66.27,27
Guatemala,Américas,América Latina y el Caribe,2019,17103803,72.58,2.59,8673.00202,10.2689,1.401,44.4,122.044,3.42029,62.62,26
Guatemala,Américas,América Latina y el Caribe,2020,17357325,71.25,2.47,8389.10674,9.9328,1.228,47.5,117.476,3.52589,NA,25
Guatemala,Américas,América Latina y el Caribe,2021,17598650,68.71,2.39,8927.30196,10.57,1.314,50.8,125.719,3.47754,NA,25
Guyana,Américas,América Latina y el Caribe,2010,749256,65.75,2.68,9836.10244,11.1918,2.295,29.9,74.7938,1.49388,NA,NA
Guyana,Américas,América Latina y el Caribe,2011,746153,65.74,2.69,10398.68087,11.8319,2.37,30,70.8644,2.75279,NA,NA
Guyana,Américas,América Latina y el Caribe,2012,746288,65.69,2.7,10951.23438,12.4606,2.641,30.5,73.3024,4.01735,NA,28
Guyana,Américas,América Latina y el Caribe,2013,750021,65.99,2.71,11298.86797,12.8562,2.55,31,74.0026,4.91986,NA,27
Guyana,Américas,América Latina y el Caribe,2014,754229,66.02,2.7,11432.90222,13.0087,2.632,32,75.1635,5.99619,NA,30
Guyana,Américas,América Latina y el Caribe,2015,758781,66.41,2.67,11451.78768,13.0302,2.614,34,71.5092,7.07543,NA,29
Guyana,Américas,América Latina y el Caribe,2016,763548,66.67,2.63,11824.28982,13.4541,3.036,35.7,76.5713,7.49174,NA,34
Guyana,Américas,América Latina y el Caribe,2017,768479,66.88,2.59,12198.93315,13.8803,3.03,42.7,83.6991,8.44382,NA,38
Guyana,Américas,América Latina y el Caribe,2018,791556,67.09,2.55,12379.5977,14.0859,3.123,48.6,NA,NA,NA,37
Guyana,Américas,América Latina y el Caribe,2019,807665,67.31,2.52,12826.08775,14.5939,3.112,55.3,96.3271,10.2765,NA,40
Guyana,Américas,América Latina y el Caribe,2020,807481,66.69,2.49,18438.62973,20.98,2.889,63,106.009,11.765,NA,41
Guyana,Américas,América Latina y el Caribe,2021,815482,63.95,2.46,21925.18686,24.958,3.092,71.7,104.969,11.6496,NA,39
Honduras,Américas,América Latina y el Caribe,2010,8365878,71.1,3.08,4793.16192,11.1774,0.788,11.1,113.617,0.01195,58.66,NA
Honduras,Américas,América Latina y el Caribe,2011,8540583,70.97,3,4877.97995,10.7465,0.792,15.9,94.399,0.6708,49.61,NA
Honduras,Américas,América Latina y el Caribe,2012,8715076,69.28,2.93,4981.24615,9.6094,0.79,18.1,84.5665,0.70312,46.02,28
Honduras,Américas,América Latina y el Caribe,2013,8889278,69.64,2.86,5024.1363,9.594,1.946,17.8,87.3776,0.77611,47.13,26
Honduras,Américas,América Latina y el Caribe,2014,9063122,69.86,2.79,5082.94033,9.8044,0.797,23,85.2365,1.7417,50.56,29
Honduras,Américas,América Latina y el Caribe,2015,9237305,69.9,2.75,5183.48761,9.7203,0.871,27.1,87.1292,2.13676,48.45,31
Honduras,Américas,América Latina y el Caribe,2016,9412380,71.53,2.7,5290.62197,10.2071,0.808,29.5,83.2181,2.34145,56.48,30
Honduras,Américas,América Latina y el Caribe,2017,9588137,71.73,2.66,5451.17017,10.0565,0.839,31.7,85.8717,2.48527,60.2,29
Honduras,Américas,América Latina y el Caribe,2018,9765210,71.92,2.65,5564.80628,10.0307,0.811,36,77.7101,3.63393,59.08,29
Honduras,Américas,América Latina y el Caribe,2019,9943633,72.07,2.61,5612.12507,10.1239,0.909,39.4,76.0268,3.9259,59.3,26
Honduras,Américas,América Latina y el Caribe,2020,10119640,70.66,2.58,5026.75197,9.068,0.803,45.2,68.7836,3.92223,NA,24
Honduras,Américas,América Latina y el Caribe,2021,10289877,69.34,2.55,5572.17699,10.0491,0.859,52,73.4772,4.09584,61.14,23
Santa Sede,Europa,Europa Meridional,2010,NA,NA,1,NA,NA,NA,NA,NA,NA,NA,NA
Santa Sede,Europa,Europa Meridional,2011,NA,NA,1,NA,NA,NA,NA,NA,NA,NA,NA
Santa Sede,Europa,Europa Meridional,2012,NA,NA,1,NA,NA,NA,NA,NA,NA,NA,NA
Santa Sede,Europa,Europa Meridional,2013,NA,NA,1,NA,NA,NA,NA,NA,NA,NA,NA
Santa Sede,Europa,Europa Meridional,2014,NA,NA,1,NA,NA,NA,NA,NA,NA,NA,NA
Santa Sede,Europa,Europa Meridional,2015,NA,NA,1,NA,NA,NA,NA,NA,NA,NA,NA
Santa Sede,Europa,Europa Meridional,2016,NA,NA,1,NA,NA,NA,NA,NA,NA,NA,NA
Santa Sede,Europa,Europa Meridional,2017,NA,NA,1,NA,NA,NA,NA,NA,NA,NA,NA
Santa Sede,Europa,Europa Meridional,2018,NA,NA,1,NA,NA,NA,NA,NA,NA,NA,NA
Santa Sede,Europa,Europa Meridional,2019,NA,NA,1,NA,NA,NA,NA,NA,NA,NA,NA
Santa Sede,Europa,Europa Meridional,2020,NA,NA,1,NA,NA,NA,NA,NA,NA,NA,NA
Santa Sede,Europa,Europa Meridional,2021,NA,NA,1,NA,NA,NA,NA,NA,NA,NA,NA
Croacia,Europa,Europa Meridional,2010,4301145,76.8,1.55,24452.27811,24.5906,5.512,56.6,114.582,19.48,55.96,NA
Croacia,Europa,Europa Meridional,2011,4280824,77.13,1.49,24522.55703,21.7698,5.313,57.8,119.49,20.8566,53.85,NA
Croacia,Europa,Europa Meridional,2012,4259236,77.37,1.52,24032.31017,20.694,5.399,61.9,116.719,21.5819,60.28,46
Croacia,Europa,Europa Meridional,2013,4242398,77.85,1.46,24025.38966,20.3819,5.431,66.7,111.282,22.5043,58.85,48
Croacia,Europa,Europa Meridional,2014,4219479,77.94,1.46,24041.02939,21.51,4.442,68.6,105.732,23.3319,53.81,48
Croacia,Europa,Europa Meridional,2015,4183729,77.72,1.4,24857.87817,22.4478,5.026,69.8,105.544,23.5726,52.05,51
Croacia,Europa,Europa Meridional,2016,4136444,78.39,1.43,25945.55948,24.2482,5.325,72.7,106.718,25.2341,54.17,49
Croacia,Europa,Europa Meridional,2017,4079200,78.5,1.42,27142.50374,25.5107,5.216,67.1,105.795,26.8651,53.43,49
Croacia,Europa,Europa Meridional,2018,4024868,78.61,1.47,28203.13585,27.3947,5.821,75.3,109.034,28.0156,55.36,48
Croacia,Europa,Europa Meridional,2019,3986334,78.66,1.47,29336.21327,29.0816,5.668,79.1,110.494,28.9683,56.26,47
Croacia,Europa,Europa Meridional,2020,3953958,77.91,1.48,26953.15061,30.2918,5.485,78.3,110.666,26.0745,65.08,47
Croacia,Europa,Europa Meridional,2021,3924610,77.5,1.62,31793.22611,35.741,6.004,81.3,112.169,26.7158,62.87,47
Haití,Américas,América Latina y el Caribe,2010,9803294,32.52,3.5,2943.5495,3.6121,0.211,8.37,40.8026,NA,37.66,NA
Haití,Américas,América Latina y el Caribe,2011,9914904,60.02,3.43,3058.98692,3.7358,0.207,9,42.3605,NA,48.45,NA
Haití,Américas,América Latina y el Caribe,2012,10069771,61.42,3.32,3027.45025,3.8638,0.214,9.8,60.5272,NA,44.13,19
Haití,Américas,América Latina y el Caribe,2013,10222362,61.62,3.22,3111.3903100000002,3.9709,0.221,10.6,70.0445,NA,46.22,19
Haití,Américas,América Latina y el Caribe,2014,10373235,61.93,3.16,3154.684,4.0261,0.264,11.4,65.2575,NA,38.89,19
Haití,Américas,América Latina y el Caribe,2015,10523242,62.18,3.11,3153.11957,4.0241,0.272,14.2,69.3703,0.01281,35.7,17
Haití,Américas,América Latina y el Caribe,2016,10671457,62.41,3.05,3165.29569,4.0397,0.273,22.8,60.9477,0.01263,33.52,20
Haití,Américas,América Latina y el Caribe,2017,10817754,63.14,2.99,3200.04218,4.084,0.271,27.2,58.2918,0.2764,38.24,22
Haití,Américas,América Latina y el Caribe,2018,10962362,63.49,2.92,3209.42963,4.096,0.27,32.5,60.2323,0.2837,36.15,20
Haití,Américas,América Latina y el Caribe,2019,11105163,63.79,2.86,3112.29594,3.972,0.269,39.3,61.6234,0.28005,NA,18
Haití,Américas,América Latina y el Caribe,2020,11243848,63.59,2.8,2970.46285,3.791,0.25,NA,65.0934,0.27571,NA,18
Haití,Américas,América Latina y el Caribe,2021,11374586,62.74,2.75,2881.17657,3.6771,0.267,NA,64.3452,0.27254,NA,20
Hungría,Europa,Europa Oriental,2010,9979129,74.77,1.26,24492.74214,20.1799,7.186,65,120.369,21.6394,47.25,NA
Hungría,Europa,Europa Oriental,2011,9946676,75.1,1.25,25020.78047,20.4046,6.921,68,117.526,23.2549,49.18,NA
Hungría,Europa,Europa Oriental,2012,9916623,75.39,1.33,24835.89544,19.3117,6.194,70.6,116.768,24.1618,46.83,55
Hungría,Europa,Europa Oriental,2013,9889346,75.87,1.35,25353.28693,19.9836,6.091,72.6,117.2,26.2622,49.14,54
Hungría,Europa,Europa Oriental,2014,9862842,75.99,1.42,26497.57402,21.0014,5.831,75.7,118.896,26.1642,51.81,54
Hungría,Europa,Europa Oriental,2015,9839211,75.9,1.45,27545.36298,22.0414,5.991,72.8,100.624,27.6322,53.44,51
Hungría,Europa,Europa Oriental,2016,9810532,76.33,1.51,28234.83811,23.0053,6.141,79.3,101.442,28.6888,54.49,48
Hungría,Europa,Europa Oriental,2017,9785604,76.34,1.52,29519.39994,24.1884,6.682,76.8,101.629,30.2136,60.65,45
Hungría,Europa,Europa Oriental,2018,9774394,76.32,1.52,31141.79171,25.9384,6.825,76.1,102.737,31.5063,59.36,46
Hungría,Europa,Europa Oriental,2019,9770346,76.61,1.53,32671.38108,28.2687,6.654,80.4,105.142,32.6466,60,44
Hungría,Europa,Europa Oriental,2020,9749457,75.88,1.58,31272.58617,29.92,6.201,84.8,105.982,33.4922,60.38,44
Hungría,Europa,Europa Oriental,2021,9707850,74.68,1.61,33619.62665,32.2072,6.475,88.6,105.137,34.8392,62.27,43
Indonesia,Asia,Asia Sudoriental,2010,246305322,69.34,2.46,8212.6479,4.8117,1.835,10.9,85.7839,0.92581,54.57,NA
Indonesia,Asia,Asia Sudoriental,2011,249470032,69.6,2.52,8610.54294,5.3871,2.037,12.3,100.135,1.09688,51.73,NA
Indonesia,Asia,Asia Sudoriental,2012,252698525,69.83,2.51,9015.81562,5.5436,2.138,14.5,111.581,1.18046,53.68,32
Indonesia,Asia,Asia Sudoriental,2013,255852467,70.03,2.44,9402.12334,5.8712,2.015,14.9,122.425,1.27097,52.92,32
Indonesia,Asia,Asia Sudoriental,2014,258877399,70.24,2.39,9759.04118,6.043,1.981,17.1,125.767,1.31336,55.97,34
Indonesia,Asia,Asia Sudoriental,2015,261799249,70.44,2.35,10121.85749,6.3648,2.094,22.1,129.469,1.52139,50.43,36
Indonesia,Asia,Asia Sudoriental,2016,264627418,70.7,2.31,10519.31228,6.6235,2.127,25.4,145.704,1.97538,51.36,37
Indonesia,Asia,Asia Sudoriental,2017,267346658,70.89,2.25,10941.93886,6.9694,2.152,32.3,162.783,2.32504,50.98,37
Indonesia,Asia,Asia Sudoriental,2018,269951846,71.1,2.22,11397.45006,7.277,2.283,39.9,118.33,3.2873,53.4,38
Indonesia,Asia,Asia Sudoriental,2019,272489381,71.39,2.21,11857.80852,7.3372,2.465,47.7,125.244,3.77423,53.47,40
Indonesia,Asia,Asia Sudoriental,2020,274814866,69.65,2.19,11515.69959,7.5072,2.284,53.7,129.404,3.92994,48.28,37
Indonesia,Asia,Asia Sudoriental,2021,276758053,68.4,2.17,11859.43632,7.632,2.314,62.1,132.199,4.48746,54.33,38
India,Asia,Asia Meridional,2010,1243481564,67.28,2.6,4186.43503,3.782,1.265,7.5,60.4906,0.88381,49.89,NA
India,Asia,Asia Meridional,2011,1261224954,67.56,2.53,4346.27623,4.0718,1.299,10.1,70.8726,1.05859,46.35,NA
India,Asia,Asia Meridional,2012,1278674502,68.01,2.47,4522.77079,4.0962,1.421,11.1,67.6264,1.1717,47.2,36
India,Asia,Asia Meridional,2013,1295829511,68.36,2.4,4749.57019,4.1207,1.399,12.3,68.3967,1.15198,44.28,36
India,Asia,Asia Meridional,2014,1312277191,69,2.29,5038.63759,4.1454,1.516,13.5,71.9367,1.2002,44.24,38
India,Asia,Asia Meridional,2015,1328024498,69.36,2.29,5377.28783,4.1702,1.598,14.9,75.3793,1.27579,43.42,38
India,Asia,Asia Meridional,2016,1343944296,69.96,2.28,5752.67574,4.2226,1.641,16.5,83.9178,1.38795,41.79,40
India,Asia,Asia Meridional,2017,1359657400,70.34,2.19,6073.00391,4.6792,1.681,18.2,85.9704,1.31327,40.46,40
India,Asia,Asia Meridional,2018,1374659064,70.46,2.18,6395.0194,4.9519,1.767,20.1,85.5501,1.32178,38.18,41
India,Asia,Asia Meridional,2019,1389030312,70.77,2.12,6574.83923,4.969,1.774,29.5,82.8981,1.37913,32.49,41
India,Asia,Asia Meridional,2020,1402617695,70.01,2.05,6136.06927,4.716,1.622,43.4,82.254,1.63623,42.24,40
India,Asia,Asia Meridional,2021,1414203896,67.1,2.01,6677.18503,4.8984,1.768,NA,81.604,1.9488,35.58,40
Irlanda,Europa,Europa Septentrional,2010,4559080,80.78,2.06,52473.19565,43.9258,11.001,69.9,103.123,22.3721,72.57,NA
Irlanda,Europa,Europa Septentrional,2011,4579602,80.81,2.03,52914,42.7476,10.471,74.9,107.135,23.3814,70.07,NA
Irlanda,Europa,Europa Septentrional,2012,4600132,81.02,1.99,52621.91949,43.0729,10.185,76.9,108.99,24.175,69.65,69
Irlanda,Europa,Europa Septentrional,2013,4624686,81.24,1.93,52960.42227,42.9779,10.087,78.2,105.538,25.7144,67.6,72
Irlanda,Europa,Europa Septentrional,2014,4658239,81.5,1.9,57216.51134,45.0911,10.154,83.5,105.461,27.0222,70.18,74
Irlanda,Europa,Europa Septentrional,2015,4702487,81.65,1.86,70550.64391,46.503,9.896,83.5,104.243,27.8463,68.3,75
Irlanda,Europa,Europa Septentrional,2016,4753503,81.87,1.82,70990.35228,49.6834,10.336,83.5,102.558,28.6148,70.41,73
Irlanda,Europa,Europa Septentrional,2017,4810261,81.94,1.77,76760.21296,52.798,10.364,84.1,101.842,29.0795,70.6,74
Irlanda,Europa,Europa Septentrional,2018,4872556,81.97,1.76,82236.88022,54.0526,10.382,87,102.03,29.3513,69.62,73
Irlanda,Europa,Europa Septentrional,2019,4933491,82.02,1.72,85417.35096,55.8337,10.151,87,104.598,29.6453,72.55,74
Irlanda,Europa,Europa Septentrional,2020,4982606,82.23,1.65,90137.18266,58.0193,8.767,92,105.046,30.4353,70.35,72
Irlanda,Europa,Europa Septentrional,2021,5028426,81.76,1.78,102785.4902,65.2775,8.677,96.4,106.87,31.3616,68.28,74
Irán (República Islámica del),Asia,Asia Meridional,2010,77420842,75.45,1.75,15099.46019,16.0854,6.466,15.9,69.8155,1.27556,NA,NA
Irán (República Islámica del),Asia,Asia Meridional,2011,78383598,75.79,1.79,15302.20194,15.757,6.394,19,71.4984,2.70427,47.68,NA
Irán (República Islámica del),Asia,Asia Meridional,2012,79370580,76.05,1.85,14541.84937,15.4354,7.003,22.7,73.2734,4.79232,46.09,28
Irán (República Islámica del),Asia,Asia Meridional,2013,80414686,76.24,1.91,14113.45779,15.1204,6.429,30,81.137200000000007,6.41818,51.4,25
Irán (República Islámica del),Asia,Asia Meridional,2014,81502045,76.48,1.98,14538.52187,15.0145,6.8,39.4,84.5269,7.53996,46.82,27
Irán (República Islámica del),Asia,Asia Meridional,2015,82619362,76.69,2.02,14010.85826,15.014,7.228,45.3,89.8322,7.99893,47.5,27
Irán (República Islámica del),Asia,Asia Meridional,2016,83812228,77.09,2.05,14968.59505,15.3219,6.602,53.2,96.0722,9.0781,46.53,29
Irán (República Islámica del),Asia,Asia Meridional,2017,85026754,77.31,2.02,15163.29231,16.5254,6.985,64,102.376,10.1144,47.17,30
Irán (República Islámica del),Asia,Asia Meridional,2018,86117998,77.56,1.92,14691.18446,15.9672,6.907,70.2,103.024,11.3876,42.78,28
Irán (República Islámica del),Asia,Asia Meridional,2019,87051648,77.76,1.77,14084.35351,14.4523,7.206,72.5,135.622,9.90927,50.06,26
Irán (República Islámica del),Asia,Asia Meridional,2020,87723443,76.46,1.7,14432.36271,14.8094,7.502,75.6,145.486,10.9027,48.65,25
Irán (República Islámica del),Asia,Asia Meridional,2021,88455488,75.48,1.71,15004.68797,15.3967,7.523,78.6,153.625,12.0681,47.88,25
Iraq,Asia,Asia Occidental,2010,31045366,70.63,4.46,8184.84878,11.0886,3.735,2.5,74.9368,0.01004,50.65,NA
Iraq,Asia,Asia Occidental,2011,32161424,71.02,4.59,8499.87785,11.1942,4.406,5,79.3466,NA,47.25,NA
Iraq,Asia,Asia Occidental,2012,33654842,71.31,4.54,9259.38498,11.3009,4.796,7.1,79.5012,NA,46.6,18
Iraq,Asia,Asia Occidental,2013,35281989,70.9,4.44,9511.47916,11.6086,4.94,9.2,91.9733,NA,47.25,16
Iraq,Asia,Asia Occidental,2014,36550059,69.92,4.31,9202.22096,11.2311,4.803,11.6,90.2871,NA,45.42,16
Iraq,Asia,Asia Occidental,2015,37560535,70.74,4.08,9378.71147,11.4465,4.66,15.2,89.3464,NA,44.93,16
Iraq,Asia,Asia Occidental,2016,38469627,70.92,3.84,10412.52835,12.7083,5.151,19.9,86.9439,NA,44.13,17
Iraq,Asia,Asia Occidental,2017,39337353,71.45,3.64,9984.8375,12.1863,4.995,49.4,84.9465,10.9105,44.62,18
Iraq,Asia,Asia Occidental,2018,40265624,73.25,3.55,10003.04663,12.2085,5.317,33.9,90.716,11.1567,48.86,18
Iraq,Asia,Asia Occidental,2019,41192171,73.27,3.48,10307.55685,12.5802,5.452,44.3,90.3685,11.0678,NA,20
Iraq,Asia,Asia Occidental,2020,42116605,70.75,3.42,8855.1979,10.8076,5.402,53.7,88.9799,14.8495,47.85,21
Iraq,Asia,Asia Occidental,2021,43071211,72.04,3.36,8786.58235,10.7324,5.643,65,94.6093,14.8275,50.94,23
Islandia,Europa,Europa Septentrional,2010,318158,82.64,2.19,46911.30572,47.7636,11.313,93.4,107.204,34.3263,NA,NA
Islandia,Europa,Europa Septentrional,2011,319137,82.83,2.02,47631.46332,47.7356,10.787,94.8,107.817,34.9643,NA,NA
Islandia,Europa,Europa Septentrional,2012,320841,82.94,2.03,47882.62614,48.73,10.722,96.2,109.747,35.3508,75.91,82
Islandia,Europa,Europa Septentrional,2013,323885,83.18,1.94,49591.16241,49.792,10.65,96.5,109.997,36.2681,75.01,78
Islandia,Europa,Europa Septentrional,2014,327512,83.67,1.93,49869.96858,52.5347,10.544,98.2,112.987,36.5321,NA,79
Islandia,Europa,Europa Septentrional,2015,330952,83.73,1.81,51542.6798,56.0942,10.708,98.2,116.004,37.5994,74.98,79
Islandia,Europa,Europa Septentrional,2016,335574,83.83,1.74,54036.46887,60.7715,10.514,98.2,119.679,38.1505,75.1,78
Islandia,Europa,Europa Septentrional,2017,343531,83.9,1.71,54997.999280000004,62.9752,10.818,98.3,116.796,39.1883,74.76,77
Islandia,Europa,Europa Septentrional,2018,352854,84.02,1.71,56162.5122,64.3086,10.791,99,116.581,39.1065,NA,76
Islandia,Europa,Europa Septentrional,2019,360700,84.08,1.74,55963.56582,64.0456,10.682,99.5,114.623,38.603,75.33,78
Islandia,Europa,Europa Septentrional,2020,366614,84.25,1.72,51240.96951,58.451,9.929,99.5,114.939,38.6826,75.75,75
Islandia,Europa,Europa Septentrional,2021,372644,84.35,1.82,53003.17041,59.9924,10.092,99.7,117.343,38.4077,75.65,74
Israel,Asia,Asia Occidental,2010,7336735,81.93,3.03,34375.0251,32.4952,11.625,67.5,124.183,24.0161,73.59,NA
Israel,Asia,Asia Occidental,2011,7471023,82.04,3.01,35622.22084,32.36,11.689,68.9,123.142,25.1509,74.33,NA
Israel,Asia,Asia Occidental,2012,7607780,82.27,3.05,35875.53251,34.3067,11.57,70.8,121.257,25.4608,71.11,60
Israel,Asia,Asia Occidental,2013,7749379,82.5,3.04,36767.08257,35.6315,10.256,70.3,122.59,25.8472,73.21,61
Israel,Asia,Asia Occidental,2014,7897179,81.99,3.08,37481.60563,36.1902,10.361,75,120.296,26.9843,74.01,60
Israel,Asia,Asia Occidental,2015,8052908,82.74,3.09,37659.74414,37.302,10.016,77.4,131.257,26.984,70.79,61
Israel,Asia,Asia Occidental,2016,8210005,82.95,3.11,38598.46739,37.8014,9.857,79.7,128.745,27.503,71.59,64
Israel,Asia,Asia Occidental,2017,8361797,83.02,3.12,39476.36242,39.4594,9.303,81.6,126.049,28.0083,73.31,62
Israel,Asia,Asia Occidental,2018,8510067,82.95,3.1,40299.2356,40.9595,9.681,83.7,125.733,28.6132,69.27,61
Israel,Asia,Asia Occidental,2019,8657474,83,3.03,41180.44834,41.8552,9.217,86.8,135.143,28.6568,73.32,60
Israel,Asia,Asia Occidental,2020,8800376,82.55,2.94,39709.05551,40.3597,8.373,90.1,139.426,29.5678,71.95,60
Israel,Asia,Asia Occidental,2021,8942924,82.44,3.02,42409.47604,43.1352,8.43,90.3,139.775,29.7079,75.78,59
Italia,Europa,Europa Meridional,2010,60164213,82.08,1.44,42157.5004,48.3891,10.023,53.7,155.684,21.7705,63.54,NA
Italia,Europa,Europa Meridional,2011,60367880,82.23,1.43,42382.74263,47.6675,9.633,54.4,159.093,22.3939,60.57,NA
Italia,Europa,Europa Meridional,2012,60531515,82.36,1.42,41008.66864,45.5163,8.734,55.8,160.559,22.7375,58.39,42
Italia,Europa,Europa Meridional,2013,60653868,82.61,1.38,39789.72541,44.9979,8.101,58.5,159.698,23.1032,60.09,43
Italia,Europa,Europa Meridional,2014,60664171,82.82,1.36,39424.52979,44.8075,7.823,55.6,148.217,23.7084,60.27,43
Italia,Europa,Europa Meridional,2015,60575316,82.74,1.34,39769.68264,45.9257,7.522,58.1,144.764,24.5978,58.48,44
Italia,Europa,Europa Meridional,2016,60478107,83.02,1.34,40352.58308,47.0236,7.311,61.3,142.127,25.7337,59.55,47
Italia,Europa,Europa Meridional,2017,60390318,83.1,1.32,41087.13481,47.8458,7.402,63.1,138.882,27.4653,61.99,50
Italia,Europa,Europa Meridional,2018,60277499,83.07,1.29,41546.41363,48.0495,7.493,74.4,138.265,28.4649,65.17,52
Italia,Europa,Europa Meridional,2019,60130136,83.1,1.26,42231.30767,49.8979,7.226,67.9,132.181,29.0545,64.45,53
Italia,Europa,Europa Meridional,2020,59912769,81.95,1.24,38629.09187,49.7604,6.499,70.5,129.49,30.2586,64.88,53
Italia,Europa,Europa Meridional,2021,59729350,82.4,1.25,42055.54241,53.5335,6.995,74.9,130.781,31.2853,64.67,56
Jamaica,Américas,América Latina y el Caribe,2010,2748568,76.34,1.8,9702.08367,14.603,2.026,27.7,115.769,4.2453,NA,NA
Jamaica,Américas,América Latina y el Caribe,2011,2760494,75.77,1.72,9825.85601,14.7893,2.132,37.4,106.698,4.28434,53.74,NA
Jamaica,Américas,América Latina y el Caribe,2012,2772430,77,1.65,9717.26782,14.6259,2.028,33.8,97.9263,4.4382,NA,38
Jamaica,Américas,América Latina y el Caribe,2013,2783687,77.12,1.59,9720.68495,14.631,2.154,37.1,102.246,5.05861,57.09,38
Jamaica,Américas,América Latina y el Caribe,2014,2793749,76.25,1.54,9747.61991,14.6716,2.158,40.4,107.579,5.42475,53.11,38
Jamaica,Américas,América Latina y el Caribe,2015,2802534,76.14,1.51,9802.5844,14.7543,2.297,42.2,111.942,8.16725,NA,41
Jamaica,Américas,América Latina y el Caribe,2016,2809915,76.23,1.46,9908.14014,14.9132,2.482,44.4,116.279,10.1807,NA,39
Jamaica,Américas,América Latina y el Caribe,2017,2815764,76.3,1.43,9986.69369,15.0314,2.242,55.1,109.783,8.49219,58.9,44
Jamaica,Américas,América Latina y el Caribe,2018,2820097,76.34,1.4,10162.91719,15.2967,2.598,68.2,105.137,10.0974,NA,44
Jamaica,Américas,América Latina y el Caribe,2019,2823271,76.25,1.39,10246.53783,15.4225,2.531,70.8,107.105,11.2602,63.09,43
Jamaica,Américas,América Latina y el Caribe,2020,2830739,76.36,1.38,9208.24317,13.8629,2.23,76.4,101.502,13.622,54.25,44
Jamaica,Américas,América Latina y el Caribe,2021,2837682,74.9,1.38,9607.22725,14.4633,2.386,82.4,102.387,14.5718,58.14,44
Jordania,Asia,Asia Occidental,2010,7297043,76.92,3.78,11643.2403,16.9244,3.863,27.2,90.7217,4.01911,55.7,NA
Jordania,Asia,Asia Occidental,2011,7480424,77.16,3.69,11661.25216,16.9506,4.167,34.9,100.029,3.96518,55.39,NA
Jordania,Asia,Asia Occidental,2012,7587127,77.49,3.57,11775.80345,17.1171,4.777,37,118.414,3.95794,51.32,48
Jordania,Asia,Asia Occidental,2013,7991809,77.9,3.45,11324.76907,16.4615,4.638,41.4,129.057,4.10898,51.72,45
Jordania,Asia,Asia Occidental,2014,8791710,78.07,3.3,10405.48326,15.1252,4.136,46.2,126.169,4.0013,53.33,49
Jordania,Asia,Asia Occidental,2015,9544729,78.15,3.14,9725.9004,14.1374,3.737,54.2,144.561,3.245,54.05,53
Jordania,Asia,Asia Occidental,2016,10006367,78.11,3.07,9451.55753,13.7386,3.162,56.2,98.122,2.97135,52.71,48
Jordania,Asia,Asia Occidental,2017,10234226,78.18,2.99,9447.63507,13.7329,3.052,64.5,94.8121,3.24328,48.08,48
Jordania,Asia,Asia Occidental,2018,10462306,77.94,2.92,9403.87965,13.6693,2.963,65.2,83.4592,3.81939,46.39,49
Jordania,Asia,Asia Occidental,2019,10671891,78.23,2.86,9354.97279,13.5982,2.924,70.1,72.8903,4.28693,44.53,48
Jordania,Asia,Asia Occidental,2020,10865228,77.35,2.79,9057.06984,13.0981,2.653,78.4,64.3143,5.80333,40.94,49
Jordania,Asia,Asia Occidental,2021,11066356,76.39,2.74,9203.27101,13.1256,2.839,86,65.7449,6.45877,39.09,49
Japón,Asia,Asia Oriental,2010,128185275,83.34,1.36,37863.21828,51.8144,11.255,78.2,96.1789,26.6035,60.57,NA
Japón,Asia,Asia Oriental,2011,128096432,83.21,1.36,37942.44774,51.1202,11.885,79.1,103.642,27.8667,62.63,NA
Japón,Asia,Asia Oriental,2012,127928285,83.63,1.38,38525.54222,50.4352,12.35,79.5,110.319,28.2443,59.68,74
Japón,Asia,Asia Oriental,2013,127723645,83.86,1.39,39354.75484,49.7594,11.956,88.2,115.787,28.9051,59.59,74
Japón,Asia,Asia Oriental,2014,127486605,84.1,1.39,39523.73673,49.9731,11.291,89.1,123.822,29.6415,59.23,76
Japón,Asia,Asia Oriental,2015,127275872,84.35,1.42,40183.17649,50.8068,10.641,91.1,126.151,30.542,58.8,75
Japón,Asia,Asia Oriental,2016,127159951,84.5,1.41,40506.79686,51.216,10.446,93.2,131.215,31.3036,59.55,72
Japón,Asia,Asia Oriental,2017,127064690,84.74,1.39,41219.15417,52.1167,10.293,91.7,135.986,31.8991,59.11,73
Japón,Asia,Asia Oriental,2018,126913432,84.78,1.37,41537.02329,52.5186,10.085,88.7,141.729,32.6965,57.94,73
Japón,Asia,Asia Oriental,2019,126699424,84.8,1.32,41428.12533,52.3809,9.879,92.7,147.21,33.5459,59.08,73
Japón,Asia,Asia Oriental,2020,126304543,85.07,1.3,39827.04856,50.2875,9.427,90.2,154.432,34.8371,61.18,74
Japón,Asia,Asia Oriental,2021,125679338,85.16,1.28,41034.65678,51.6017,9.796,82.9,159.516,35.9392,60.91,73
Kazajstán,Asia,Asia Central,2010,16836810,67.62,2.61,20959.16092,9.9283,8.21,31.6,115.239,5.16487,55.14,NA
Kazajstán,Asia,Asia Central,2011,17066002,68.12,2.61,22190.19884,11.7849,7.337,50.6,147.901,6.99285,57.36,NA
Kazajstán,Asia,Asia Central,2012,17306106,68.62,2.64,22930.03251,11.9926,7.434,61.9,174.709,9.46082,57.59,28
Kazajstán,Asia,Asia Central,2013,17556502,69.42,2.67,23958.47131,12.5705,8.711,63.3,172.955,11.1573,58.35,26
Kazajstán,Asia,Asia Central,2014,17816285,70.12,2.76,24599.77272,12.2844,9.318,66,160.503,12.0564,59.7,29
Kazajstán,Asia,Asia Central,2015,18084169,70.64,2.76,24533.77962,11.7243,11.622,70.8,145.482,12.7238,59.5,28
Kazajstán,Asia,Asia Central,2016,18363600,71.09,2.8,24453.4279,10.8405,10.638,74.6,139.051,12.7965,55.34,29
Kazajstán,Asia,Asia Central,2017,18651931,71.54,2.75,25112.06439,11.6669,10.941,76.4,143.113,13.8114,58.82,31
Kazajstán,Asia,Asia Central,2018,18932727,71.7,2.85,25800.26965,12.4264,9.783,78.9,137.675,13.0002,60.08,31
Kazajstán,Asia,Asia Central,2019,19209555,71.94,2.89,26615.81915,12.8192,9.108,81.9,133.88,13.0799,62.72,34
Kazajstán,Asia,Asia Central,2020,19482117,70.39,3.13,25615.60107,12.3375,9.721,85.9,124.698,13.4503,61.68,38
Kazajstán,Asia,Asia Central,2021,19743603,69.72,3.32,26110.53004,12.7018,9.468,90.9,123.944,13.9468,62.6,37
Kenya,África,África Subsahariana,2010,41598567,61.18,4.45,3735.79293,4.1966,0.402,7.2,60.0234,0.01651,42.56,NA
Kenya,África,África Subsahariana,2011,42758461,61.95,4.28,3824.19747,4.2065,0.448,8.8,65.673,0.12663,44.05,NA
Kenya,África,África Subsahariana,2012,43888303,62.63,4.12,3899.16707,4.2164,0.459,10.5,70.0227,0.12383,45.47,27
Kenya,África,África Subsahariana,2013,44986791,63.18,3.96,3950.88143,4.2263,0.514,13,70.7541,0.16481,37.95,27
Kenya,África,África Subsahariana,2014,46051440,63.75,3.84,4055.11319,4.2362,0.594,16.5,73.0327,0.22109,49.05,25
Kenya,África,África Subsahariana,2015,47088526,64.42,3.77,4163.92475,4.2461,0.577,16.6,80.0958,0.28692,43.58,25
Kenya,África,África Subsahariana,2016,48139687,65.12,3.69,4244.85763,4.0863,0.559,16.6,80.9772,0.27566,43.96,26
Kenya,África,África Subsahariana,2017,49197766,65.69,3.61,4312.90892,3.9325,0.521,17.8,87.0265,0.58601,44.76,28
Kenya,África,África Subsahariana,2018,50207107,66.14,3.54,4464.81321,3.7845,0.538,19.5,98.5945,0.73993,46.56,27
Kenya,África,África Subsahariana,2019,51202827,66.51,3.43,4601.21137,3.642,0.544,22.7,106.548,0.95929,46.19,28
Kenya,África,África Subsahariana,2020,52217334,66.23,3.36,4497.36298,3.5049,0.515,NA,117.603,1.29112,45.47,31
Kenya,África,África Subsahariana,2021,53219166,64.91,3.31,4745.63703,3.5919,0.551,NA,122.298,1.48254,44.65,30
Kirguistán,Asia,Asia Central,2010,5491761,69.62,3.1,4161.06489,6.2528,2.047,16.3,96.0617,0.41977,49.96,NA
Kirguistán,Asia,Asia Central,2011,5594535,70.25,3.14,4355.58284,6.2349,2.292,17.5,112.201,0.69782,49.21,NA
Kirguistán,Asia,Asia Central,2012,5696519,70.72,3.18,4279.8766,6.0205,3.191,19.8,119.333,0.95873,52.08,24
Kirguistán,Asia,Asia Central,2013,5797289,71.22,3.15,4653.7576,5.9345,2.974,23,116.218,2.34937,54.02,24
Kirguistán,Asia,Asia Central,2014,5898319,71.62,3.21,4744.87803,6.2019,3.094,28.3,128.231,2.89415,52.52,27
Kirguistán,Asia,Asia Central,2015,6001882,71.9,3.21,4828.334,6.0994,2.741,30.2,126.284,3.52424,49.05,28
Kirguistán,Asia,Asia Central,2016,6108462,72.73,3.1,4936.09301,6.2207,2.877,40.5,124.639,3.94327,48.57,28
Kirguistán,Asia,Asia Central,2017,6220150,72.98,3.04,5071.05033,6.2634,2.753,50.8,136.138,4.14802,56.3,29
Kirguistán,Asia,Asia Central,2018,6341732,73.29,3.28,5157.92803,6.6944,3.221,62.8,137.742,3.95179,52.97,29
Kirguistán,Asia,Asia Central,2019,6494035,73.42,3.33,5283.74718,7.0922,2.793,64.1,132.777,4.14366,56.85,30
Kirguistán,Asia,Asia Central,2020,6664140,71.77,3.05,4813.78181,6.4536,2.573,72,109.78,4.33664,62.5,31
Kirguistán,Asia,Asia Central,2021,6820479,72.13,2.89,4933.78565,6.737,2.753,77.1,108.172,4.43258,55.64,27
Camboya,Asia,Asia Sudoriental,2010,14500726,66.87,2.86,2706.99182,3.5369,1.118,1.26,56.2094,0.24596,41.41,NA
Camboya,Asia,Asia Sudoriental,2011,14722584,67.38,2.78,2856.53079,3.7323,1.505,3.1,93.4415,0.14943,41.61,NA
Camboya,Asia,Asia Sudoriental,2012,14945085,67.87,2.75,3021.33222,3.9476,1.468,4.94,127.835,0.19895,38.99,22
Camboya,Asia,Asia Sudoriental,2013,15170208,68.24,2.74,3197.5321,4.1778,1.664,6,133.581,0.21521,36.74,20
Camboya,Asia,Asia Sudoriental,2014,15396772,68.59,2.73,3378.36459,4.4141,1.549,14,132.833,0.42938,38.83,21
Camboya,Asia,Asia Sudoriental,2015,15623251,68.88,2.73,3565.24507,4.6582,1.848,6.43,133.458,0.53448,41.62,21
Camboya,Asia,Asia Sudoriental,2016,15852803,69.15,2.73,3761.91134,4.9152,1.763,32.4,125.628,0.61592,44.61,21
Camboya,Asia,Asia Sudoriental,2017,16073372,69.41,2.72,3972.72416,5.1906,1.841,32.9,115.551,0.83139,45.86,21
Camboya,Asia,Asia Sudoriental,2018,16274522,69.66,2.72,4217.62179,5.5106,2.138,NA,119.31,1.02123,51.22,20
Camboya,Asia,Asia Sudoriental,2019,16481304,69.9,2.73,4464.29445,5.8329,2.416,52.3,129.957,1.11872,49.98,20
Camboya,Asia,Asia Sudoriental,2020,16725474,69.63,2.7,4276.18454,5.5871,2.338,53.7,126.076,1.3977,43.77,21
Camboya,Asia,Asia Sudoriental,2021,16974305,68.81,2.66,4354.56521,5.6895,2.501,58,117.235,1.98089,45.55,23
Kiribati,Oceanía,Micronesia,2010,108704,58.84,3.9,1407.85476,5.7559,0.57,9.07,9.74665,0.77826,NA,NA
Kiribati,Oceanía,Micronesia,2011,110647,59.05,3.88,1432.73904,5.8088,0.525,10,12.4613,0.76821,NA,NA
Kiribati,Oceanía,Micronesia,2012,112284,59.26,3.77,1492.86938,5.8622,0.483,10.7,16.0308,0.71248,NA,NA
Kiribati,Oceanía,Micronesia,2013,113838,59.49,3.64,1578.99284,5.9161,0.476,11.5,17.5688,0.61491,NA,NA
Kiribati,Oceanía,Micronesia,2014,115326,59.69,3.52,1576.0396,5.9704,0.536,12.3,26.0132,0.43355,NA,NA
Kiribati,Oceanía,Micronesia,2015,116815,59.91,3.44,1730.43446,6.0253,0.562,14.9,35.0982,0.10016,NA,NA
Kiribati,Oceanía,Micronesia,2016,118478,60.12,3.38,1827.17199,6.0806,0.587,19.4,43.89,0.09284,NA,NA
Kiribati,Oceanía,Micronesia,2017,120275,60.34,3.34,1862.90097,6.1365,0.594,25.3,38.348,0.09229,NA,NA
Kiribati,Oceanía,Micronesia,2018,122084,59.26,3.32,1896.77279,6.1929,0.601,33,43.6896,0.07126,NA,NA
Kiribati,Oceanía,Micronesia,2019,123921,60.75,3.29,1928.35047,6.2497,0.625,39.6,44.1071,0.08473,NA,NA
Kiribati,Oceanía,Micronesia,2020,126099,60.86,3.25,1882.32463,6.0382,0.596,NA,43.3477,0.14671,NA,NA
Kiribati,Oceanía,Micronesia,2021,128377,60.99,3.22,2007.98704,6.3912,0.637,NA,40.998,0.08646,NA,NA
Saint Kitts y Nevis,Américas,América Latina y el Caribe,2010,46846,72.19,1.76,24778.85018,24.1346,4.489,63,170.772,31.1659,NA,NA
Saint Kitts y Nevis,Américas,América Latina y el Caribe,2011,46886,72.25,1.74,25085.23093,24.433,4.673,63.2,164.228,26.8737,NA,NA
Saint Kitts y Nevis,Américas,América Latina y el Caribe,2012,47033,72.28,1.71,24877.00833,24.2302,4.411,64,161.589,27.6402,NA,NA
Saint Kitts y Nevis,Américas,América Latina y el Caribe,2013,47069,72.22,1.68,26275.42003,25.5923,4.445,64.6,163.59,28.2564,NA,NA
Saint Kitts y Nevis,Américas,América Latina y el Caribe,2014,47089,72.13,1.67,28197.76529,27.5199,4.55,65.4,138.036,29.7692,NA,NA
Saint Kitts y Nevis,Américas,América Latina y el Caribe,2015,47087,72.04,1.64,28392.90187,27.7158,4.583,66.2,155.051,34.7782,NA,NA
Saint Kitts y Nevis,Américas,América Latina y el Caribe,2016,47075,72.07,1.63,29510.74545,28.8062,4.617,67,162.683,30.1179,NA,NA
Saint Kitts y Nevis,Américas,América Latina y el Caribe,2017,47050,72.13,1.61,29577.80364,28.8102,4.621,67.8,163.396,62.2147,NA,NA
Saint Kitts y Nevis,Américas,América Latina y el Caribe,2018,47008,72.12,1.59,30185.56316,29.4161,4.618,68.6,152.302,34.8473,NA,NA
Saint Kitts y Nevis,Américas,América Latina y el Caribe,2019,46952,72.1,1.57,31072.0753,30.6381,4.601,69.4,138.916,43.4039,NA,NA
Saint Kitts y Nevis,Américas,América Latina y el Caribe,2020,46870,72.15,1.55,26339.77252,26.2247,4.273,70.3,133.401,45.9569,NA,NA
Saint Kitts y Nevis,Américas,América Latina y el Caribe,2021,46763,72.21,1.53,26486.13258,26.0135,4.572,74.4,121.256,43.0255,NA,NA
República de Corea,Asia,Asia Oriental,2010,48769332,80.82,1.23,34358.29304,37.4406,13.257,83.7,104.097,35.2563,61.16,NA
República de Corea,Asia,Asia Oriental,2011,49127643,81.16,1.26,35351.73284,38.4685,13.648,83.8,106.878,36.3533,69.47,NA
República de Corea,Asia,Asia Oriental,2012,49599579,81.5,1.27,36011.25459,39.5245,13.152,84.1,108.115,36.8,60.03,56
República de Corea,Asia,Asia Oriental,2013,50071164,81.93,1.21,36982.17238,40.4758,13.049,84.8,109.206,37.4218,59.59,55
República de Corea,Asia,Asia Oriental,2014,50539056,82.31,1.2,37927.51788,41.4501,13.254,87.6,113.359,37.9883,58.01,55
República de Corea,Asia,Asia Oriental,2015,50983912,82.61,1.2,38787.87685,42.3204,13.026,89.9,115.595,39.276,57.8,54
República de Corea,Asia,Asia Oriental,2016,51297839,82.84,1.14,39772.75718,43.2089,12.713,92.8,119.49,40.0712,59.71,53
República de Corea,Asia,Asia Oriental,2017,51486270,82.88,1.04,40914.31365,44.4491,13.328,95.1,123.642,41.1681,58.74,54
República de Corea,Asia,Asia Oriental,2018,51640894,82.94,0.95,41921.72479,45.5436,13.908,96,128.495,41.219,58.4,57
República de Corea,Asia,Asia Oriental,2019,51767846,82.92,0.88,42713.59037,46.4038,13.581,96.2,133.08,42.0374,59.03,59
República de Corea,Asia,Asia Oriental,2020,51858482,82.87,0.81,42352.14274,46.0112,12.651,96.5,135.973,43.0541,57.93,61
República de Corea,Asia,Asia Oriental,2021,51848397,82.96,0.78,44232.20573,48.0031,13.263,97.6,140.516,44.2526,61.13,62
Kuwait,Asia,Asia Occidental,2010,2943372,80.09,2.04,56206.7053,60.8766,26.366,61.4,135.19,1.56283,67.98,NA
Kuwait,Asia,Asia Occidental,2011,3132814,80.93,1.96,57689.40989,62.4825,23.936,65.8,157.499,1.50025,63.78,NA
Kuwait,Asia,Asia Occidental,2012,3337025,80.97,1.99,56966.81493,61.6996,23.355,70.5,152.831,1.40844,62.21,44
Kuwait,Asia,Asia Occidental,2013,3507746,81.34,1.97,53641.72692,58.0983,20.944,75.5,182.738,1.33989,64.8,43
Kuwait,Asia,Asia Occidental,2014,3665766,81.56,2.06,52261.31991,56.6032,20.01,78.7,207.324,1.30941,61.8,44
Kuwait,Asia,Asia Occidental,2015,3834454,81.51,2.03,50591.87754,54.7952,24.385,82,199.891,1.43436,61.46,49
Kuwait,Asia,Asia Occidental,2016,4003971,81.61,2.06,50279.81921,54.4571,24.945,85.6,191.294,2.53224,59.47,41
Kuwait,Asia,Asia Occidental,2017,4154685,81.59,2.16,47018.27337,50.9246,22.618,98,171.826,2.8334,60.94,39
Kuwait,Asia,Asia Occidental,2018,4323387,81.6,2.12,46017.59373,49.8408,22.179,99.6,164.22,2.40138,NA,41
Kuwait,Asia,Asia Occidental,2019,4442194,81.47,2.09,45351.59543,48.1827,23.063,99.5,164.942,1.90435,61.06,40
Kuwait,Asia,Asia Occidental,2020,4400144,78.64,2.1,43754.37785,44.7283,22.11,99.1,153.866,1.68058,NA,42
Kuwait,Asia,Asia Occidental,2021,4360742,80.44,1.82,45652.2784,46.4897,23.543,99.7,158.647,1.61587,NA,43
República Democrática Popular Lao,Asia,Asia Sudoriental,2010,6334194,64.92,3.14,4793.22398,4.9114,0.355,7,63.2029,0.09291,NA,NA
República Democrática Popular Lao,Asia,Asia Sudoriental,2011,6426590,65.58,3.05,5103.54896,5.1548,0.343,9,85.284,0.10186,47.04,NA
República Democrática Popular Lao,Asia,Asia Sudoriental,2012,6518978,66.18,2.95,5434.83469,5.4103,0.397,10.7,65.9613,0.11625,48.76,21
República Democrática Popular Lao,Asia,Asia Sudoriental,2013,6611385,66.65,2.87,5789.2754,5.5813,0.49,12.5,69.7677,0.13651,NA,26
República Democrática Popular Lao,Asia,Asia Sudoriental,2014,6703172,67.22,2.8,6145.49722,5.7578,0.493,14.3,68.9015,0.24047,NA,25
República Democrática Popular Lao,Asia,Asia Sudoriental,2015,6801645,67.64,2.8,6499.07293,5.9399,1.055,18.2,54.7979,0.21392,NA,25
República Democrática Popular Lao,Asia,Asia Sudoriental,2016,6908802,68.03,2.74,6850.58091,6.1277,1.832,21.9,57.2966,0.35355,NA,30
República Democrática Popular Lao,Asia,Asia Sudoriental,2017,7018147,68.37,2.69,7211.25909,6.3214,3.019,25.5,52.8888,0.38781,46.23,29
República Democrática Popular Lao,Asia,Asia Sudoriental,2018,7128045,68.64,2.63,7546.33425,6.5213,3.119,36.3,51.3792,0.63663,48.59,29
República Democrática Popular Lao,Asia,Asia Sudoriental,2019,7237636,68.97,2.59,7840.07138,6.7752,3.044,47,64.0669,1.05394,51.97,29
República Democrática Popular Lao,Asia,Asia Sudoriental,2020,7346533,69.33,2.54,7763.94888,6.7094,3.024,54,63.114,1.67211,52.84,29
República Democrática Popular Lao,Asia,Asia Sudoriental,2021,7453194,68.89,2.49,7846.97502,6.7811,3.236,62,64.7101,2.02269,49.27,30
Líbano,Asia,Asia Occidental,2010,5041288,75.62,2.26,19216.49054,30.8223,4.041,43.7,56.8042,6.56755,50.32,NA
Líbano,Asia,Asia Occidental,2011,5096020,75.67,2.32,19193.92071,30.7861,3.899,52,67.8304,7.89497,51.88,NA
Líbano,Asia,Asia Occidental,2012,5235742,75.74,2.35,19179.51753,30.763,4.041,61.2,71.7218,9.09489,45.73,30
Líbano,Asia,Asia Occidental,2013,5743436,75.79,2.36,18158.56287,29.1254,3.757,70.5,67.6382,8.35737,49.83,28
Líbano,Asia,Asia Occidental,2014,6346990,75.81,2.38,16843.41243,27.016,3.789,73,69.1237,17.8374,52.33,27
Líbano,Asia,Asia Occidental,2015,6472469,75.93,2.38,16591.79752,26.6124,3.692,74,71.961,NA,51.72,28
Líbano,Asia,Asia Occidental,2016,6323060,76.08,2.39,17227.50348,27.632,3.642,76.1,67.642,NA,52.71,28
Líbano,Asia,Asia Occidental,2017,6160128,76.22,2.37,17808.07689,28.5633,3.531,78.2,71.4122,NA,51.54,28
Líbano,Asia,Asia Occidental,2018,5984119,76.18,2.35,17937.56847,28.771,3.535,80.9,73.9321,NA,51.67,28
Líbano,Asia,Asia Occidental,2019,5794594,76.64,2.33,17185.04702,27.5639,3.625,81.5,73.1365,7.24814,40.24,28
Líbano,Asia,Asia Occidental,2020,5702398,75.26,2.31,13791.2703,22.1205,3.592,82.1,75.2003,7.57699,26.34,25
Líbano,Asia,Asia Occidental,2021,5718122,72.59,2.28,12986.91283,20.8304,3.843,82.7,74.9935,7.55615,21.79,24
Liberia,África,África Subsahariana,2010,4058890,61.94,5.06,1418.67582,3.0388,0.196,2.3,38.7128,0.00458,41.96,NA
Liberia,África,África Subsahariana,2011,4221178,62.42,4.97,1475.83927,3.224,0.212,2.5,47.869,0.00149,NA,NA
Liberia,África,África Subsahariana,2012,4373043,62.9,4.88,1538.40722,3.4206,0.233,2.6,54.4221,0.01198,NA,41
Liberia,África,África Subsahariana,2013,4470239,63.37,4.75,1635.95825,3.6291,0.207,3.2,57.0613,0.11364,NA,38
Liberia,África,África Subsahariana,2014,4564293,59.86,4.62,1613.86548,3.8503,0.273,5.41,70.6628,0.13145,45.71,37
Liberia,África,África Subsahariana,2015,4659431,62.53,4.52,1581.05511,3.8667,0.27,10,78.3787,0.15023,27.02,37
Liberia,África,África Subsahariana,2016,4755608,64.51,4.46,1525.45801,3.8831,0.296,15.7,65.5437,0.16822,33.55,37
Liberia,África,África Subsahariana,2017,4848925,65.1,4.4,1533.41124,3.9033,0.32,16.3,54.8575,0.18561,44.24,31
Liberia,África,África Subsahariana,2018,4944726,65.65,4.34,1521.73347,3.8736,0.324,17.3,NA,NA,41.35,32
Liberia,África,África Subsahariana,2019,5043721,66.11,4.26,1455.63765,3.7053,0.33,18.3,38.4042,0.21809,51.21,28
Liberia,África,África Subsahariana,2020,5149463,65.94,4.17,1383.8281,3.5226,0.324,19.4,32.1004,0.25245,NA,28
Liberia,África,África Subsahariana,2021,5259323,65.72,4.09,1423.22959,3.6228,0.347,20.6,31.4299,0.24718,NA,29
Libia,África,África Septentrional,2010,6497839,76.2,2.6,25890.50891,31.0305,9.87,14,167.748,1.12037,NA,NA
Libia,África,África Septentrional,2011,6343203,73.15,2.65,13488.95876,16.1669,6.29,14,157.649,1.10354,NA,NA
Libia,África,África Septentrional,2012,6179328,76.48,2.68,26567.37026,31.8418,8.345,15.2,155.146,1.08912,57.54,21
Libia,África,África Septentrional,2013,6304628,76.66,2.72,21365.91561,25.6077,8.868,16.5,162.346,1.02623,NA,15
Libia,África,África Septentrional,2014,6427252,74.33,2.75,16139.13718,19.3432,9.229,17.8,132.204,0.97709,NA,18
Libia,África,África Septentrional,2015,6531819,74.6,2.71,15758.98998,18.8876,8.794,NA,149.225,0.93389,56.15,16
Libia,África,África Septentrional,2016,6632126,74.27,2.67,15301.72869,18.3396,7.715,NA,115.499,2.547,54.34,14
Libia,África,África Septentrional,2017,6738770,75.58,2.63,19968.18998,23.9325,7.959,NA,89.3338,4.71896,56.47,17
Libia,África,África Septentrional,2018,6849055,75.65,2.58,21222.75879,25.4361,8.095,NA,NA,NA,54.94,17
Libia,África,África Septentrional,2019,6951033,75.93,2.54,19673.23484,22.2744,8.264,NA,164.004,4.57486,53.3,18
Libia,África,África Septentrional,2020,7045399,75.94,2.51,15621,15.4401,8.101,87.6,164.987,4.7123,NA,17
Libia,África,África Septentrional,2021,7135175,75.35,2.46,20273.88125,20.0391,8.668,88.6,195.118,4.653,NA,17
Santa Lucía,Américas,América Latina y el Caribe,2010,170906,75.62,1.67,14267.08895,12.3346,2.317,32.5,115.977,11.9896,NA,NA
Santa Lucía,Américas,América Latina y el Caribe,2011,171801,75.98,1.5,14779.79578,13.3753,2.319,34,126.035,12.4213,NA,NA
Santa Lucía,Américas,América Latina y el Caribe,2012,172587,75.99,1.5,14680.23438,14.5037,2.304,45.9,125.154,14.238,NA,71
Santa Lucía,Américas,América Latina y el Caribe,2013,173369,75.67,1.5,14315.27655,15.7274,2.293,49.4,122.319,14.2494,NA,71
Santa Lucía,Américas,América Latina y el Caribe,2014,174138,75.61,1.49,14464.29265,17.0543,2.283,53.2,108.162,16.1935,NA,71
Santa Lucía,Américas,América Latina y el Caribe,2015,174905,75.6,1.47,14411.54133,18.4932,2.293,57.3,107.339,16.2523,NA,NA
Santa Lucía,Américas,América Latina y el Caribe,2016,175646,75.1,1.46,14838.80061,20.0535,2.302,58.2,100.57,16.958,NA,60
Santa Lucía,Américas,América Latina y el Caribe,2017,176342,75.08,1.45,15275.3555,20.6451,2.31,59.2,100.2,18.049,NA,55
Santa Lucía,Américas,América Latina y el Caribe,2018,177017,75.08,1.44,15652.26785,21.1532,2.315,60.1,104.478,18.2271,NA,55
Santa Lucía,Américas,América Latina y el Caribe,2019,177661,75.14,1.42,15489.39196,20.9339,2.306,61.1,83.1865,8.8849,NA,55
Santa Lucía,Américas,América Latina y el Caribe,2020,178250,75.11,1.41,11651.14102,15.7754,2.141,62.1,81.8687,19.9725,NA,56
Santa Lucía,Américas,América Latina y el Caribe,2021,178522,72.76,1.4,13045.93171,17.6643,2.291,63.1,96.2374,10.6754,NA,56
Liechtenstein,Europa,Europa Occidental,2010,35999,82,1.44,NA,NA,5.305,80,98.6139,42.3623,NA,NA
Liechtenstein,Europa,Europa Occidental,2011,36270,81.93,1.66,NA,NA,4.874,85,101.93,37.4828,NA,NA
Liechtenstein,Europa,Europa Occidental,2012,36596,82.5,1.51,NA,NA,5.065,89.4,98.59,39.3923,NA,NA
Liechtenstein,Europa,Europa Occidental,2013,36910,82.43,1.46,NA,NA,5.216,93.8,104.11,40.6827,NA,NA
Liechtenstein,Europa,Europa Occidental,2014,37163,82.22,1.57,NA,NA,4.332,95.2,109.388,42.0041,NA,NA
Liechtenstein,Europa,Europa Occidental,2015,37400,82.81,1.43,NA,NA,4.246,96.6,109.492,41.9679,NA,NA
Liechtenstein,Europa,Europa Occidental,2016,37615,82.39,1.59,NA,NA,3.957,98.1,117.767,42.3634,NA,NA
Liechtenstein,Europa,Europa Occidental,2017,37850,83.89,1.46,NA,NA,4.107,99.5,122.594,42.9406,NA,NA
Liechtenstein,Europa,Europa Occidental,2018,38129,83.15,1.56,NA,NA,4.031,NA,123.979,43.8302,NA,NA
Liechtenstein,Europa,Europa Occidental,2019,38440,84.31,1.48,NA,NA,3.99,93.1,124.214,44.6748,NA,NA
Liechtenstein,Europa,Europa Occidental,2020,38767,NA,1.46,NA,NA,3.708,94.3,126.105,46.5602,NA,NA
Liechtenstein,Europa,Europa Occidental,2021,39044,NA,1.52,NA,NA,3.931,95.6,126.071,47.5207,NA,NA
Sri Lanka,Asia,Asia Meridional,2010,20879089,74.05,2.13,9193.10412,7.2189,1.072,NA,83.1421,1.09352,39.77,NA
Sri Lanka,Asia,Asia Meridional,2011,21009048,75.27,2.14,9898.53637,7.5401,1.422,NA,87.1979,1.70879,41.81,NA
Sri Lanka,Asia,Asia Meridional,2012,21169458,75.55,2.17,10672.46342,7.8756,1.407,NA,91.3242,1.67222,42.25,40
Sri Lanka,Asia,Asia Meridional,2013,21358827,75.95,2.18,11044.65674,8.1587,1.447,NA,95.1136,1.9868,43.65,37
Sri Lanka,Asia,Asia Meridional,2014,21547456,76.07,2.13,11689.50539,8.452,1.521,10.5,102.671,2.63419,42.68,38
Sri Lanka,Asia,Asia Meridional,2015,21729971,76.44,2.09,12125.64628,8.7558,1.631,15.3,109.985,2.88043,46.12,37
Sri Lanka,Asia,Asia Meridional,2016,21910772,76.6,2.06,12685.63711,9.0705,1.795,22.2,117.738,4.0719,NA,36
Sri Lanka,Asia,Asia Meridional,2017,22087522,76.75,2.04,13454.15138,9.1295,1.716,25.1,127.67,5.52576,43.31,38
Sri Lanka,Asia,Asia Meridional,2018,22253118,77.17,2.03,13661.29595,9.1888,1.676,28.3,136.084,6.93976,44.35,38
Sri Lanka,Asia,Asia Meridional,2019,22410552,77.3,2.02,13548.02376,9.2485,1.698,32,126.514,7.43541,42.13,38
Sri Lanka,Asia,Asia Meridional,2020,22561807,77.69,2.01,12853.10997,8.7741,1.684,36.2,131.773,7.89622,47.78,38
Sri Lanka,Asia,Asia Meridional,2021,22700372,77.7,2,13250.62985,8.9851,1.723,44.5,135.523,10.5401,41.03,37
Lesotho,África,África Subsahariana,2010,1996251,48.12,3.25,2370.03679,3.3205,1.141,3.86,49.4651,0.02004,NA,NA
Lesotho,África,África Subsahariana,2011,2014009,48.21,3.34,2461.28066,3.4834,1.162,7,61.1891,0.06648,48.98,NA
Lesotho,África,África Subsahariana,2012,2034354,47.94,3.3,2595.47441,3.6544,1.19,10,75.9364,0.08042,NA,45
Lesotho,África,África Subsahariana,2013,2056504,47.88,3.28,2617.51324,3.8337,1.195,15,87.0553,0.11063,NA,49
Lesotho,África,África Subsahariana,2014,2080089,47.94,3.24,2635.21878,4.0218,1.19,22,102.822,0.07221,NA,49
Lesotho,África,África Subsahariana,2015,2104611,48.47,3.22,2687.68351,4.2192,1.14,25,101.688,0.09798,NA,44
Lesotho,África,África Subsahariana,2016,2130422,49.63,3.18,2751.75105,4.4262,1.211,32.5,107.158,0.10467,38.08,39
Lesotho,África,África Subsahariana,2017,2157110,50.75,3.11,2632.55492,4.6434,1.333,39,110.37,0.22349,37.95,42
Lesotho,África,África Subsahariana,2018,2183603,51.42,3.02,2561.24549,4.5176,1.262,40.8,72.4555,0.26392,NA,41
Lesotho,África,África Subsahariana,2019,2209405,51.77,2.92,2493.52019,4.4273,1.289,42.3,76.1125,0.20902,35.12,40
Lesotho,África,África Subsahariana,2020,2235727,52.27,2.85,2278.46437,4.1259,1.263,43.7,69.8944,0.22632,NA,41
Lesotho,África,África Subsahariana,2021,2261542,50.71,2.77,2292.85272,4.1399,1.352,45.1,80.5368,0.35365,NA,38
Lituania,Europa,Europa Septentrional,2010,3097720,73.21,1.5,23865.66015,19.2705,6.565,62.1,157.89,21.9297,50.66,NA
Lituania,Europa,Europa Septentrional,2011,3028642,73.67,1.55,25884.95968,21.0717,7.629,63.6,163.043,24.0272,54.32,NA
Lituania,Europa,Europa Septentrional,2012,2988329,73.99,1.59,27242.8853,22.6891,6.947,67.2,167.226,25.7288,57.71,54
Lituania,Europa,Europa Septentrional,2013,2958360,74.04,1.58,28496.9646,23.6997,6.961,68.5,154.341,28.2657,55.96,57
Lituania,Europa,Europa Septentrional,2014,2933168,74.62,1.63,29759.69008,25.8935,7.124,72.1,145.494,27.3378,61.26,58
Lituania,Europa,Europa Septentrional,2015,2905764,74.65,1.71,30649.18131,28.5069,6.917,71.4,143.991,28.6774,57.11,59
Lituania,Europa,Europa Septentrional,2016,2869110,74.92,1.69,31822.99631,30.4977,7.334,74.4,146.55,29.8964,58.66,59
Lituania,Europa,Europa Septentrional,2017,2829313,75.97,1.63,33653.15164,32.4767,7.735,77.6,154.148,28.2319,62.73,59
Lituania,Europa,Europa Septentrional,2018,2802478,76.08,1.64,35332.56299,34.8745,8.038,79.7,134.334,28.1445,63.09,59
Lituania,Europa,Europa Septentrional,2019,2795058,76.24,1.61,37079.08691,38.3872,7.696,81.6,132.529,28.2792,60.64,60
Lituania,Europa,Europa Septentrional,2020,2795765,75.09,1.49,37060.03973,43.6745,7.158,83.1,131.341,28.4989,63.91,60
Lituania,Europa,Europa Septentrional,2021,2794488,73.74,1.36,39305.42263,46.1882,7.285,86.9,133.357,28.7127,68.65,61
Luxemburgo,Europa,Europa Occidental,2010,507410,81.02,1.62,111616.8405,78.4369,21.163,90.6,143.277,33.1818,70.97,NA
Luxemburgo,Europa,Europa Occidental,2011,518584,81.26,1.53,110303.3359,77.5216,23.385,90,147.512,32.7339,71.01,NA
Luxemburgo,Europa,Europa Occidental,2012,530947,81.5,1.57,109462.6222,78.5854,22.558,91.9,143.388,31.9618,69.64,80
Luxemburgo,Europa,Europa Occidental,2013,543354,81.72,1.55,110354.3619,78.0704,21.246,93.8,145.093,32.4834,71.31,80
Luxemburgo,Europa,Europa Occidental,2014,556279,82.01,1.5,110611.007,78.7998,20.261,94.7,144.244,33.5803,68.91,82
Luxemburgo,Europa,Europa Occidental,2015,569536,82.34,1.46,110483.2774,73.5955,19.213,96.4,141.659,34.2911,67.02,85
Luxemburgo,Europa,Europa Occidental,2016,583506,82.74,1.42,113510.2892,79.7407,16.766,98.1,130.933,34.8068,69.67,81
Luxemburgo,Europa,Europa Occidental,2017,596495,82.81,1.39,112243.3862,79.8968,16.202,97.4,133.111,35.9768,70.61,82
Luxemburgo,Europa,Europa Occidental,2018,608101,82.87,1.38,111441.6026,83.9076,15.699,97.1,131.327,36.8853,72.43,81
Luxemburgo,Europa,Europa Occidental,2019,620163,82.92,1.34,112461.8124,84.4537,14.897,97.1,131.87,37.3611,74.04,80
Luxemburgo,Europa,Europa Occidental,2020,630597,82.2,1.36,109597.0208,93.3278,12.574,98.5,132.909,37.2961,NA,80
Luxemburgo,Europa,Europa Occidental,2021,640274,83.41,1.38,115683.4937,96.6117,12.82,98.7,136.871,38.04,NA,81
Letonia,Europa,Europa Septentrional,2010,2097831,73.26,1.37,21337.26312,18.686,6.319,68.4,109.928,20.7298,NA,NA
Letonia,Europa,Europa Septentrional,2011,2059941,73.89,1.34,22288.57367,19.0906,6.453,69.8,112.091,22.2056,49.67,NA
Letonia,Europa,Europa Septentrional,2012,2034633,74.23,1.44,24155.96025,19.6108,6.452,73.1,129.305,23.4018,51.25,49
Letonia,Europa,Europa Septentrional,2013,2013010,74.19,1.53,24906.33602,21.7078,6.244,75.2,127.073,24.6397,50.7,53
Letonia,Europa,Europa Septentrional,2014,1994149,74.68,1.65,25620.24192,23.7925,5.89,75.8,119.55,25.3241,57.29,55
Letonia,Europa,Europa Septentrional,2015,1977867,75.08,1.71,26834.43197,25.5677,5.992,79.2,130.949,25.4569,58.81,56
Letonia,Europa,Europa Septentrional,2016,1959863,75.67,1.74,27722.23155,26.8545,6.084,79.8,135.227,26.4893,59.4,57
Letonia,Europa,Europa Septentrional,2017,1942594,75.75,1.7,28895.46859,29.1167,7.324,80.1,126.847,27.0886,59.78,58
Letonia,Europa,Europa Septentrional,2018,1927588,75.8,1.61,30283.58203,31.7039,8.332,83.6,107.397,27.2877,59.01,58
Letonia,Europa,Europa Septentrional,2019,1914263,75.86,1.61,30674.01696,32.9305,8.037,86.1,108.222,26.5859,59.7,56
Letonia,Europa,Europa Septentrional,2020,1901123,75.78,1.55,29804.45373,35.5023,7.308,88.9,107.902,25.8042,62.29,57
Letonia,Europa,Europa Septentrional,2021,1885587,73.9,1.57,32080.20382,37.258,7.647,91.2,114.645,25.9762,63.53,59
Marruecos,África,África Septentrional,2010,32467016,71.86,2.63,6769.57078,9.5105,1.787,52,98.507,1.55388,43.83,NA
Marruecos,África,África Septentrional,2011,32912588,72.14,2.6,7046.09185,9.8498,1.87,46.1,111.064,1.80845,50.85,NA
Marruecos,África,África Septentrional,2012,33355241,72.33,2.54,7161.93023,10.2012,1.882,55.4,116.972,2.06726,49.7,37
Marruecos,África,África Septentrional,2013,33787571,72.14,2.48,7355.27603,10.5652,1.838,56,125.56,2.49778,51.42,37
Marruecos,África,África Septentrional,2014,34204780,72.35,2.43,7455.13247,10.7087,1.801,56.8,128.972,2.90442,NA,39
Marruecos,África,África Septentrional,2015,34607588,72.55,2.41,7680.45818,11.0323,1.782,57.1,124.48,3.31584,51.63,36
Marruecos,África,África Septentrional,2016,35023457,72.76,2.4,7625.0054,10.9527,1.819,58.3,118.532,3.58453,53.86,37
Marruecos,África,África Septentrional,2017,35446392,72.94,2.38,7914.16666,11.368,1.831,61.8,123.894,3.89001,53.12,40
Marruecos,África,África Septentrional,2018,35839760,73.13,2.35,8064.4917,11.5839,1.856,64.8,124.828,4.33206,48.97,43
Marruecos,África,África Septentrional,2019,36210898,73.34,2.34,8209.86741,11.7928,1.925,84.1,128.875,4.8365,50.57,41
Marruecos,África,África Septentrional,2020,36584208,73,2.32,7539.61637,10.829,1.793,84.1,135.088,5.74683,48.03,40
Marruecos,África,África Septentrional,2021,36954442,73.12,2.29,8058.39697,11.5643,1.962,88.1,138.911,6.14618,53.26,39
Mónaco,Europa,Europa Occidental,2010,33163,79.16,2.39,181527.1606,63.1521,NA,75,70.6028,41.6126,NA,NA
Mónaco,Europa,Europa Occidental,2011,33946,79.21,2.22,194719.4439,67.7416,NA,80.3,93.6458,46.898,NA,NA
Mónaco,Europa,Europa Occidental,2012,34711,79.26,2.29,194719.4439,67.7416,NA,87,95.6325,46.8382,NA,NA
Mónaco,Europa,Europa Occidental,2013,35447,79.33,2.31,194065.6967,67.5142,NA,90.7,100.048,47.6655,NA,NA
Mónaco,Europa,Europa Occidental,2014,36128,79.43,2.49,195343.0182,67.9585,NA,92.4,93.2103,49.2693,NA,NA
Mónaco,Europa,Europa Occidental,2015,36757,79.55,2.5,197056.1711,68.5545,NA,93.4,92.5538,49.9333,NA,NA
Mónaco,Europa,Europa Occidental,2016,37276,79.68,2.58,199583.9937,69.4339,NA,95.2,89.3256,49.9356,NA,NA
Mónaco,Europa,Europa Occidental,2017,37678,79.82,2.42,201458.069,70.0859,NA,97.1,87.5259,51.1121,NA,NA
Mónaco,Europa,Europa Occidental,2018,38154,79.94,2.49,203540.0024,70.8102,NA,NA,85.6765,51.5909,NA,NA
Mónaco,Europa,Europa Occidental,2019,38109,80.06,2.4,205749.3327,71.5788,NA,83.3,88.6484,53.7301,NA,NA
Mónaco,Europa,Europa Occidental,2020,38050,80.06,2.38,207844.6763,72.3078,NA,98.6,93.2589,54.8673,NA,NA
Mónaco,Europa,Europa Occidental,2021,38527,79.51,2.12,210111,73.0962,NA,99.1,97.1423,54.9173,NA,NA
República de Moldova,Europa,Europa Oriental,2010,3631992,69.95,1.7,8370.18637,10.9358,1.183,29.7,70.2257,7.45475,55.9,NA
República de Moldova,Europa,Europa Oriental,2011,3557266,71.69,1.65,8862.30186,11.218,1.213,32.1,90.442,10.0168,57.92,NA
República de Moldova,Europa,Europa Oriental,2012,3482626,71.97,1.66,8811.19289,10.957,1.17,34.7,102.919,12.0173,59.96,36
República de Moldova,Europa,Europa Oriental,2013,3408738,72.65,1.62,9610.63908,11.7219,1.203,37.4,108.452,13.7695,57.56,35
República de Moldova,Europa,Europa Oriental,2014,3342709,72.33,1.82,10097.28972,11.4271,1.165,67,111.829,15.233,59.17,35
República de Moldova,Europa,Europa Oriental,2015,3287164,72.08,1.87,10140.62314,11.8001,1.176,69,112.959,16.257,60.17,33
República de Moldova,Europa,Europa Oriental,2016,3237794,72.63,1.89,10735.89554,11.4551,1.205,71,117.008,17.2155,55.78,30
República de Moldova,Europa,Europa Oriental,2017,3193497,73.66,1.81,11379.01991,11.4992,1.184,49.9,117.321,18.2975,53.26,31
República de Moldova,Europa,Europa Oriental,2018,3153773,73.99,1.81,12052.69967,11.9119,1.266,50.3,115.32,19.7584,56.82,33
República de Moldova,Europa,Europa Oriental,2019,3112562,74.33,1.78,12682.18926,12.1181,1.251,57.8,116.105,21.5427,58.03,32
República de Moldova,Europa,Europa Oriental,2020,3069131,73.52,1.77,11761.04764,12.115,1.193,58.2,111.445,23.4269,58.12,34
República de Moldova,Europa,Europa Oriental,2021,3023778,72.14,1.75,13602.33346,12.1119,1.265,74.5,128.984,25.2113,59.59,36
Madagascar,África,África Subsahariana,2010,22183340,62.57,4.9,1511.98673,1.6936,0.148,1.7,34.7636,0.0243,NA,NA
Madagascar,África,África Subsahariana,2011,22822300,62.9,4.74,1493.44248,1.6413,0.168,1.9,38.0364,0.03002,43.81,NA
Madagascar,África,África Subsahariana,2012,23462438,63.21,4.61,1497.00952,1.5907,0.177,2.3,37.4155,0.13245,35.51,32
Madagascar,África,África Subsahariana,2013,24109290,63.52,4.53,1491.07411,1.5844,0.201,3,35.0949,0.15757,38.16,28
Madagascar,África,África Subsahariana,2014,24764348,63.83,4.42,1500.9106,1.5948,0.204,3.7,39.2253,0.10028,36.76,28
Madagascar,África,África Subsahariana,2015,25426702,64.16,4.34,1508.37444,1.6027,0.195,4.17,42.0572,0.09319,35.93,28
Madagascar,África,África Subsahariana,2016,26099952,64.5,4.29,1528.56171,1.6242,0.187,4.71,30.6447,0.10109,36.63,26
Madagascar,África,África Subsahariana,2017,26788375,64.8,4.26,1548.15642,1.645,0.215,6.4,32.5906,0.09356,40.79,24
Madagascar,África,África Subsahariana,2018,27494926,65.11,4.25,1557.32255,1.6547,0.191,7.75,38.7516,0.09897,40.71,25
Madagascar,África,África Subsahariana,2019,28219554,65.48,4.22,1585.47165,1.6847,0.202,9.38,46.078,0.10631,43.39,24
Madagascar,África,África Subsahariana,2020,28953556,64.79,4.17,1436.20695,1.5261,0.192,11.4,54.8085,0.11052,NA,25
Madagascar,África,África Subsahariana,2021,29691083,64.1,4.1,1482.37616,1.5751,0.205,13.7,53.9177,0.10418,NA,26
Maldivas,Asia,Asia Meridional,2010,360792,77.77,2.35,16528.41264,9.7828,2.557,26.5,137.018,4.31079,NA,NA
Maldivas,Asia,Asia Meridional,2011,373674,78.04,2.31,17328.77806,10.9697,2.592,34,141.955,4.72016,NA,NA
Maldivas,Asia,Asia Meridional,2012,386818,78.3,2.25,17138.82083,12.3005,2.797,38.9,144.912,4.6686,NA,NA
Maldivas,Asia,Asia Meridional,2013,400070,78.51,2.17,17728.87756,13.7929,2.629,44.1,156.263,5.08686,NA,NA
Maldivas,Asia,Asia Meridional,2014,413617,78.69,2.09,18377.69323,15.4663,3.026,49.3,160.975,4.79719,NA,NA
Maldivas,Asia,Asia Meridional,2015,428154,78.87,2,18280.97635,17.3427,2.862,54.5,172.786,5.41277,NA,NA
Maldivas,Asia,Asia Meridional,2016,443308,78.89,1.9,18681.70636,19.4467,3.038,59.5,183.197,6.61143,NA,36
Maldivas,Asia,Asia Meridional,2017,458287,78.94,1.8,19229.58785,19.1913,2.988,65,196.41,7.97186,NA,33
Maldivas,Asia,Asia Meridional,2018,473099,79.01,1.71,20157.59131,18.9392,2.956,70.9,181.343,10.018,51.98,31
Maldivas,Asia,Asia Meridional,2019,487731,79.07,1.64,20996.41282,18.6905,3.032,77.5,169.774,10.9013,NA,29
Maldivas,Asia,Asia Meridional,2020,502118,78.83,1.61,13814.82833,12.1906,3.03,79.1,142.936,12.6833,NA,43
Maldivas,Asia,Asia Meridional,2021,516154,78.88,1.6,18765.21635,17.0469,3.242,82,136.789,14.8246,NA,40
México,Américas,América Latina y el Caribe,2010,113623895,75.25,2.34,18544.78597,13.0223,4.429,31.1,80.4263,9.31394,68.02,NA
México,Américas,América Latina y el Caribe,2011,115243504,75.55,2.32,18911.55149,13.5415,4.691,37.2,82.0725,10.0362,69.1,NA
México,Américas,América Latina y el Caribe,2012,116818208,75.72,2.29,19311.91337,14.0814,4.715,39.8,86.2256,11.1946,73.2,34
México,Américas,América Latina y el Caribe,2013,118343573,75.52,2.27,19221.61616,13.7431,4.726,43.5,90.2012,10.7719,74.43,34
México,Américas,América Latina y el Caribe,2014,119784261,75.61,2.21,19459.78735,13.4128,4.597,44.4,87.6145,10.88,66.8,35
México,Américas,América Latina y el Caribe,2015,121072306,75.73,2.14,19753.77505,13.8783,4.467,57.4,88.9454,12.1892,62.36,31
México,Américas,América Latina y el Caribe,2016,122251351,75.47,2.09,19877.37101,14.36,4.331,59.5,91.3942,13.0256,68.24,30
México,Américas,América Latina y el Caribe,2017,123400057,75.5,2.04,20031.82011,14.5157,4.182,53,92.6494,13.7767,64.1,29
México,Américas,América Latina y el Caribe,2018,124573711,75.48,2.03,20233.39007,14.6731,4.219,56.7,96.4612,14.7374,65.5,28
México,Américas,América Latina y el Caribe,2019,125762982,75.63,2.02,20009.65768,14.3186,4.108,69.6,97.0359,15.3885,64.32,29
México,Américas,América Latina y el Caribe,2020,126799054,71.48,1.99,18151.42731,13.9727,3.413,71.5,96.9237,17.7521,59.64,31
México,Américas,América Latina y el Caribe,2021,127648148,71.56,1.97,19086.10468,14.5507,3.571,75.6,99.0948,19.2797,59.91,31
Islas Marshall,Oceanía,Micronesia,2010,52044,63.95,3.67,3755.33919,7.7153,2.407,7,NA,NA,NA,NA
Islas Marshall,Oceanía,Micronesia,2011,51907,64.16,3.53,3778.77691,7.7562,2.465,10,NA,NA,NA,NA
Islas Marshall,Oceanía,Micronesia,2012,51419,64.38,3.38,3784.18265,7.7686,2.392,12.5,NA,NA,NA,NA
Islas Marshall,Oceanía,Micronesia,2013,50681,64.59,3.25,3985.78387,8.1879,2.448,14,NA,2.53349,NA,NA
Islas Marshall,Oceanía,Micronesia,2014,49796,64.77,3.18,4012.54858,8.246,2.501,16.8,31.127,2.75524,NA,NA
Islas Marshall,Oceanía,Micronesia,2015,48800,64.92,3.13,4180.49423,8.592,2.49,19.3,31.7623,2.04918,NA,NA
Islas Marshall,Oceanía,Micronesia,2016,47709,65.06,3.09,4365.64857,8.9613,2.478,29.8,NA,2.09604,NA,NA
Islas Marshall,Oceanía,Micronesia,2017,46529,65.22,3.06,4638.25364,9.4912,2.529,38.7,34.3872,2.1492,NA,NA
Islas Marshall,Oceanía,Micronesia,2018,45285,65.35,3.04,5028.4050800000005,10.1469,2.583,43.9,NA,2.20824,NA,NA
Islas Marshall,Oceanía,Micronesia,2019,44007,65.49,3.01,5705.68634,11.5638,2.685,49.8,36.3579,2.27237,NA,NA
Islas Marshall,Oceanía,Micronesia,2020,42706,65.73,2.99,5711.2128,11.6947,2.559,56.4,37.4655,2.34159,NA,NA
Islas Marshall,Oceanía,Micronesia,2021,41367,66.02,2.96,5961.91986,12.2083,2.739,64,38.6782,2.27718,NA,NA
Macedonia del Norte,Europa,Europa Meridional,2010,2051505,73.41,1.71,12624.16969,10.452,4.154,51.9,104.968,12.6123,41.8,NA
Macedonia del Norte,Europa,Europa Meridional,2011,2040446,73.74,1.63,12978.91063,10.8047,4.491,56.7,108.468,13.7992,48.98,NA
Macedonia del Norte,Europa,Europa Meridional,2012,2027289,73.69,1.71,12970.42927,10.8668,4.25,57.4,110.268,15.4034,46.4,43
Macedonia del Norte,Europa,Europa Meridional,2013,2013280,73.96,1.71,13399.17935,10.8698,3.785,65.2,111.125,16.8127,51.86,44
Macedonia del Norte,Europa,Europa Meridional,2014,1997833,73.95,1.77,13922.80957,11.5747,3.629,68.1,111.343,17.7239,52.04,45
Macedonia del Norte,Europa,Europa Meridional,2015,1980366,73.95,1.76,14498.41897,12.078,3.414,70.4,105.212,18.4017,49.76,42
Macedonia del Norte,Europa,Europa Meridional,2016,1961259,73.84,1.79,14959.21145,12.8031,3.389,72.2,104.55,19.4534,53.46,37
Macedonia del Norte,Europa,Europa Meridional,2017,1940879,74.12,1.73,15182.00904,13.3305,3.533,74.5,103.459,20.4183,52.34,35
Macedonia del Norte,Europa,Europa Meridional,2018,1919728,74.27,1.73,15698.7673,13.6853,3.492,79.2,102.572,22.2929,52.4,37
Macedonia del Norte,Europa,Europa Meridional,2019,1897641,74.37,1.65,16423.84548,14.9491,3.449,81.4,101.232,23.9403,50.15,35
Macedonia del Norte,Europa,Europa Meridional,2020,1872015,72.33,1.63,15823.65769,14.0638,3.29,81.4,99.4724,25.4041,50.54,35
Macedonia del Norte,Europa,Europa Meridional,2021,1851108,71.05,1.62,16708.53721,14.8916,3.544,81.9,104.875,26.9449,55.35,39
Malí,África,África Subsahariana,2010,15945198,58.44,6.58,2018.6014500000001,2.9458,0.131,2,46.6622,0.05029,37.62,NA
Malí,África,África Subsahariana,2011,16469049,58.9,6.55,2017.14416,3.1414,0.139,2.2,65.7107,0.0515,46.67,NA
Malí,África,África Subsahariana,2012,16957033,59.15,6.52,1942.7395,3.3499,0.144,2.8,86.1757,0.02548,43.13,34
Malí,África,África Subsahariana,2013,17459615,59.16,6.49,1930.13495,3.5723,0.161,3.5,113.115,0.01666,36.76,28
Malí,África,África Subsahariana,2014,18020267,59.53,6.44,2002.37293,3.8095,0.172,7,130.44,NA,39.75,32
Malí,África,África Subsahariana,2015,18593022,59.88,6.39,2060.09855,4.0624,0.178,10.3,122.083,0.01882,45.82,35
Malí,África,África Subsahariana,2016,19191289,60.4,6.32,2112.18707,4.3321,0.173,14,105.348,0.11174,40.16,32
Malí,África,África Subsahariana,2017,19813011,60.84,6.25,2153.84564,4.6197,0.186,18.9,111.21,0.07773,47.42,31
Malí,África,África Subsahariana,2018,20442030,61.23,6.12,2185.57559,4.9264,0.187,21.4,107.404,0.59159,44.16,32
Malí,África,África Subsahariana,2019,21068405,61.83,5.89,2219.0467400000002,5.0019,0.191,25,108.815,0.67647,49.88,29
Malí,África,África Subsahariana,2020,21713836,60.76,5.85,2123.8282,4.7872,0.187,29.1,116.587,1.12281,42.69,30
Malí,África,África Subsahariana,2021,22388630,61.08,5.78,2120.6233,4.78,0.2,34,108.693,0.64834,41.13,29
Malta,Europa,Europa Meridional,2010,422651,81.08,1.38,32136.12784,38.5044,14.004,63,107.791,29.7856,57.74,NA
Malta,Europa,Europa Meridional,2011,424628,81.2,1.44,32149.7122,39.2861,19.278,68,122.872,30.3037,61.55,NA
Malta,Europa,Europa Meridional,2012,426611,81.36,1.42,33173.89502,40.6943,18.289,68.2,124.757,31.8224,59.63,57
Malta,Europa,Europa Meridional,2013,428452,81.59,1.37,34501.78127,42.8814,14.725,68.9,129.922,33.3783,63.8,56
Malta,Europa,Europa Meridional,2014,434485,81.82,1.38,36401.3375,45.4091,16.955,73.1,125.719,34.882,64.52,55
Malta,Europa,Europa Meridional,2015,444981,82.18,1.38,38957.95357,45.6288,18.345,76,117.794,36.6768,66.13,60
Malta,Europa,Europa Meridional,2016,455269,82.25,1.37,39364.01841,48.5173,19.708,78.1,128.599,37.618,65.91,55
Malta,Europa,Europa Meridional,2017,467902,82.38,1.27,42463.59407,48.8523,18.359,81,129.249,38.7513,66.76,56
Malta,Europa,Europa Meridional,2018,484558,82.5,1.23,44047.51852,50.0754,21.025,81.7,127.094,39.5893,69.1,54
Malta,Europa,Europa Meridional,2019,504015,82.57,1.15,45366.53636,54.5495,19.507,85.8,125.866,40.18,67.33,54
Malta,Europa,Europa Meridional,2020,518207,82.72,1.13,40754.87614,56.9893,16.522,86.9,122.176,41.1094,61.57,53
Malta,Europa,Europa Meridional,2021,524376,83.14,1.11,45571.58526,63.3237,17.513,87.5,123.941,42.1831,64.44,54
Myanmar,Asia,Asia Sudoriental,2010,49024382,64.76,2.34,3032.88395,4.8437,0.259,0.25,1.21164,0.04681,NA,NA
Myanmar,Asia,Asia Sudoriental,2011,49419820,65.4,2.31,3176.51438,5.1658,0.296,0.98,2.51644,0.04431,NA,NA
Myanmar,Asia,Asia Sudoriental,2012,49837446,66.06,2.28,3380.67418,5.4544,0.232,1.4,7.48356,NA,44.39,15
Myanmar,Asia,Asia Sudoriental,2013,50262658,66.69,2.26,3634.399,5.8352,0.25,1.8,13.5934,NA,41.76,21
Myanmar,Asia,Asia Sudoriental,2014,50681634,67.3,2.25,3898.68057,6.2613,0.31,7.4,57.2778,NA,47.86,21
Myanmar,Asia,Asia Sudoriental,2015,51089056,67.73,2.27,4137.96766,6.4148,0.421,10.9,80.2397,0.06444,42.24,22
Myanmar,Asia,Asia Sudoriental,2016,51495696,68.23,2.27,4346.07932,6.4968,0.471,16,98.2343,0.17416,46.23,28
Myanmar,Asia,Asia Sudoriental,2017,51894938,68.26,2.25,4577.82593,6.5798,0.476,23.6,92.3918,0.21499,41.54,30
Myanmar,Asia,Asia Sudoriental,2018,52272247,69.1,2.23,4829.91756,6.9511,0.491,29.4,116.972,0.24688,44.11,29
Myanmar,Asia,Asia Sudoriental,2019,52640713,69.46,2.21,5111.36631,7.3679,0.503,36.5,155.669,0.92296,44.34,29
Myanmar,Asia,Asia Sudoriental,2020,53016522,69.66,2.18,4615.54481,7.5473,0.503,45.4,148.158,1.29925,44.31,28
Myanmar,Asia,Asia Sudoriental,2021,53387102,68.49,2.16,4032.62565,6.1522,0.538,56.5,127.241,1.67276,43.14,28
Montenegro,Europa,Europa Meridional,2010,632088,74.73,1.73,16764.36472,17.2913,3.883,37.5,185.101,10.2304,54.55,NA
Montenegro,Europa,Europa Meridional,2011,632688,74.93,1.68,17287.42547,17.0255,3.853,35.6,183.204,10.2281,52.23,NA
Montenegro,Europa,Europa Meridional,2012,633540,75.15,1.73,16802.40743,15.7667,3.539,56.8,156.402,13.8536,52.19,41
Montenegro,Europa,Europa Meridional,2013,633202,75.14,1.74,17381.74869,15.8372,3.437,60.3,156.964,15.117,50.74,44
Montenegro,Europa,Europa Meridional,2014,631375,75.2,1.76,17674.63009,16.5261,3.365,63.9,160.49,16.4503,52.83,42
Montenegro,Europa,Europa Meridional,2015,628145,75.31,1.76,18263.61673,16.2039,3.574,68.1,160.455,17.893,51.25,44
Montenegro,Europa,Europa Meridional,2016,624249,75.38,1.8,18797.91117,17.702,3.215,69.9,166.72,18.3978,53.04,45
Montenegro,Europa,Europa Meridional,2017,620114,75.45,1.79,19682.29415,17.4516,3.234,71.3,168.465,22.1614,56.15,46
Montenegro,Europa,Europa Meridional,2018,615795,75.64,1.78,20686.591950000002,16.9713,3.202,71.5,184.219,25.825,56.5,45
Montenegro,Europa,Europa Meridional,2019,611667,75.86,1.81,21533.96377,17.6665,3.162,73.5,188.174,29.2285,53.86,45
Montenegro,Europa,Europa Meridional,2020,607935,75.09,1.83,18258.97637,14.9797,3.017,77.6,177.665,30.2953,57.22,45
Montenegro,Europa,Europa Meridional,2021,603851,75.17,1.85,20710.41348,16.9909,3.197,82.2,185.488,31.1809,NA,46
Mongolia,Asia,Asia Oriental,2010,2701732,65.08,2.52,7518.83112,8.4886,5.402,10.2,92.9208,2.84092,45.86,NA
Mongolia,Asia,Asia Oriental,2011,2745180,65.51,2.6,8685.77986,9.3438,8.443,12.5,107.181,3.42608,50.31,NA
Mongolia,Asia,Asia Oriental,2012,2795459,66.06,2.74,9586.71492,10.7475,13.063,16.4,120.739,3.94086,48.85,36
Mongolia,Asia,Asia Oriental,2013,2851881,66.62,2.94,10504.8147,10.9751,15.195,17.7,100.901,4.89954,49.13,38
Mongolia,Asia,Asia Oriental,2014,2913039,67.18,3,11107.98898,11.2076,9.998,19.9,103.92,6.77118,48.25,39
Mongolia,Asia,Asia Oriental,2015,2976526,67.65,3.01,11134.80186,10.1959,7.838,22.5,103.078,6.98959,49.83,39
Mongolia,Asia,Asia Oriental,2016,3040812,67.78,2.96,11058.95048,9.2755,7.802,22.3,110.746,7.43706,50.57,38
Mongolia,Asia,Asia Oriental,2017,3104364,67.88,2.89,11431.498020000001,9.5641,9.763,23.7,125.184,9.18362,53.34,36
Mongolia,Asia,Asia Oriental,2018,3167706,68.03,2.92,12052.29381,9.8618,12.817,47.1,133.284,9.66655,54.65,37
Mongolia,Asia,Asia Oriental,2019,3232113,68.08,3.01,12458.01843,10.1938,12.899,51.1,136.719,9.83638,55.63,35
Mongolia,Asia,Asia Oriental,2020,3290785,68.38,2.95,11666.7797,9.5463,13.043,62.5,132.61,9.34756,60.11,35
Mongolia,Asia,Asia Oriental,2021,3339674,67.28,2.84,11668.43042,9.5477,13.956,81.6,140.352,11.393,57.21,35
Mozambique,África,África Subsahariana,2010,22999235,53.53,5.66,1039.24938,2.3475,0.371,4.17,31.4105,0.07532,NA,NA
Mozambique,África,África Subsahariana,2011,23649039,53.61,5.6,1081.21204,2.4683,0.474,4.6,33.2163,0.11998,49.71,NA
Mozambique,África,África Subsahariana,2012,24337846,53.63,5.52,1132.97476,2.5954,0.414,5,36.1782,0.12096,NA,31
Mozambique,África,África Subsahariana,2013,25051611,54.01,5.43,1170.89035,2.7289,0.547,5.5,49.503,0.11517,NA,30
Mozambique,África,África Subsahariana,2014,25788475,54.91,5.3,1222.96514,2.8694,0.708,6,71.6701,0.14342,NA,31
Mozambique,África,África Subsahariana,2015,26547572,55.83,5.25,1274.01565,2.6965,0.571,6.5,75.8447,0.16035,45.5,31
Mozambique,África,África Subsahariana,2016,27337105,56.65,5.19,1292.76389,2.534,0.581,7,54.9641,0.17046,NA,27
Mozambique,África,África Subsahariana,2017,28166393,57.34,5.13,1286.32677,2.3813,0.453,7.8,42.162,0.21885,42.8,25
Mozambique,África,África Subsahariana,2018,29018644,57.88,5.07,1292.49913,2.2378,0.442,10.9,48.5007,0.24171,46.54,23
Mozambique,África,África Subsahariana,2019,29884380,58.38,5.02,1284.82895,2.103,0.453,12.5,49.4351,0.23415,49.32,26
Mozambique,África,África Subsahariana,2020,30783688,58.39,4.96,1232.82366,2.0183,0.418,14.3,50.2319,0.22739,NA,25
Mozambique,África,África Subsahariana,2021,31707800,56.62,4.91,1226.76696,2.0074,0.447,16.4,43.1636,0.20656,51.78,26
Mauritania,África,África Subsahariana,2010,3390965,68.09,5.38,4927.14898,5.9396,0.561,4,81.8661,0.17131,47.72,NA
Mauritania,África,África Subsahariana,2011,3502811,68.38,5.38,4980.13404,6.0293,0.587,4.5,94.6316,0.17472,47.85,NA
Mauritania,África,África Subsahariana,2012,3619034,68.7,5.35,5042.68564,6.1203,0.629,5,111.231,0.18505,46.73,31
Mauritania,África,África Subsahariana,2013,3734318,68.99,5.32,5102.07528,6.2127,0.536,6.2,106.798,0.2017,41.99,30
Mauritania,África,África Subsahariana,2014,3848514,69.32,5.26,5181.45042,6.3065,0.636,11.8,97.5267,0.20787,44.83,30
Mauritania,África,África Subsahariana,2015,3965959,69.6,5.21,5317.44747,6.472,0.609,17.6,91.8941,0.24302,39.23,31
Mauritania,África,África Subsahariana,2016,4086657,69.94,5.16,5244.07238,6.3827,0.552,19.2,88.4383,0.27262,44.72,27
Mauritania,África,África Subsahariana,2017,4210600,70.23,5.11,5428.05623,6.6066,0.599,21,96.7595,0.30012,46.78,28
Mauritania,África,África Subsahariana,2018,4337685,70.49,5.04,5539.68287,6.7425,0.605,23,105.275,0.30486,43.14,27
Mauritania,África,África Subsahariana,2019,4467708,70.78,4.98,5566.2276,6.9164,0.618,25.1,105.441,0.24207,41.53,28
Mauritania,África,África Subsahariana,2020,4600131,69.54,4.91,5404.67565,6.6767,0.605,27.4,126.277,0.40123,NA,29
Mauritania,África,África Subsahariana,2021,4734874,69.35,4.85,5307.5219,6.6675,0.648,30,137.54,0.4059,NA,28
Mauricio,África,África Subsahariana,2010,1282709,74.21,1.5,17300.58247,14.3265,3.829,28.3,92.8426,7.32216,NA,NA
Mauricio,África,África Subsahariana,2011,1286267,74.61,1.48,17977.20847,14.6309,3.884,35,100.609,9.1921,54.77,NA
Mauricio,África,África Subsahariana,2012,1289170,74.74,1.48,18554.18688,14.9418,3.943,35.4,115.252,10.9218,NA,57
Mauricio,África,África Subsahariana,2013,1290984,75.07,1.42,19131.29734,15.2429,4.056,40.1,118.793,12.5796,NA,52
Mauricio,África,África Subsahariana,2014,1292005,75,1.37,19827.52161,15.5501,4.18,44.8,127.863,14.0866,56.48,54
Mauricio,África,África Subsahariana,2015,1292275,75.17,1.32,20532.06423,15.8635,3.962,50.1,136.372,15.2754,NA,53
Mauricio,África,África Subsahariana,2016,1291803,75.21,1.35,21310.46163,16.1831,4.2,52.2,140.424,16.4576,56.1,54
Mauricio,África,África Subsahariana,2017,1290655,75.25,1.4,22129.70141,16.5093,4.486,55.4,142.525,19.0601,61.74,50
Mauricio,África,África Subsahariana,2018,1288833,75.32,1.37,23003.83247,17.1614,4.561,58.6,148.817,21.3139,58.82,51
Mauricio,África,África Subsahariana,2019,1286270,75.48,1.35,23661.31083,17.6519,4.582,61.7,145.117,23.883,62.41,52
Mauricio,África,África Subsahariana,2020,1283223,74.69,1.39,20218.94607,15.0748,4.472,67.7,149.07,25.1866,60.15,53
Mauricio,África,África Subsahariana,2021,1279623,73.91,1.35,20901.87509,15.5833,4.785,71.6,154.053,25.7029,59.49,54
Malawi,África,África Subsahariana,2010,14826463,56.32,5.26,1354.70542,2.2742,0.065,2.26,21.0257,0.00732,NA,NA
Malawi,África,África Subsahariana,2011,15265022,57.72,5.08,1381.38964,2.3104,0.07,3.33,25.8864,0.01133,39.46,NA
Malawi,África,África Subsahariana,2012,15709577,59.28,4.9,1368.32324,2.3471,0.072,4.35,29.58,0.00788,42.79,37
Malawi,África,África Subsahariana,2013,16161816,60.56,4.76,1402.4337,2.3845,0.065,5.05,32.7317,0.05431,40.35,37
Malawi,África,África Subsahariana,2014,16621538,61.46,4.57,1440.58375,2.4224,0.056,5.83,33.8868,0.05151,45.63,33
Malawi,África,África Subsahariana,2015,17085587,62.04,4.38,1440.61837,2.4609,0.057,6,38.4342,0.03427,38.68,31
Malawi,África,África Subsahariana,2016,17557739,62.61,4.22,1437.04211,2.5,0.07,6.3,40.8844,0.04951,34.76,31
Malawi,África,África Subsahariana,2017,18039715,63.4,4.11,1454.77749,2.3473,0.07,7,43.0855,0.05996,34.17,31
Malawi,África,África Subsahariana,2018,18528081,64.14,4.02,1478.42484,2.204,0.137,8.8,38.1956,0.0613,33.35,32
Malawi,África,África Subsahariana,2019,19025752,64.71,3.95,1517.70317,2.0694,0.136,11.1,46.7841,0.0597,38.69,31
Malawi,África,África Subsahariana,2020,19533888,64.3,3.88,1489.60138,2.031,0.127,13.9,51.217,0.06274,NA,30
Malawi,África,África Subsahariana,2021,20047258,63.48,3.79,1491.13369,2.0331,0.136,17.5,59.5599,0.06708,36.35,35
Malasia,Asia,Asia Sudoriental,2010,28655776,74.44,2.14,20115.23099,21.6483,6.407,56.3,118.157,7.32069,55.8,NA
Malasia,Asia,Asia Sudoriental,2011,29162039,74.61,2.15,20841.62686,23.1699,6.624,61,125.716,8.59576,57.86,NA
Malasia,Asia,Asia Sudoriental,2012,29662831,74.76,2.12,21629.54234,24.7397,7.065,65.8,139.315,9.847,59.14,49
Malasia,Asia,Asia Sudoriental,2013,30174265,75.32,2.07,22288.13907,26.4158,7.916,57.1,142.522,9.73943,57.7,50
Malasia,Asia,Asia Sudoriental,2014,30696137,75.08,2.06,23262.82969,27.8507,7.796,63.7,146.366,9.97194,59.63,52
Malasia,Asia,Asia Sudoriental,2015,31232798,75.04,2.01,24083.43402,29.3637,7.292,71.1,141.211,9.80956,63.22,50
Malasia,Asia,Asia Sudoriental,2016,31789685,75.03,1.94,24789.98472,30.4707,7.336,78.8,136.725,8.55246,NA,49
Malasia,Asia,Asia Sudoriental,2017,32355644,75.07,1.89,25862.307820000002,31.6194,7.13,80.1,130.854,8.30705,NA,47
Malasia,Asia,Asia Sudoriental,2018,32910967,75.2,1.84,26760.44543,32.8115,7.667,81.2,128.873,8.1918,53.39,47
Malasia,Asia,Asia Sudoriental,2019,33440596,75.04,1.78,27596.68155,33.8368,7.584,84.2,133.373,8.86497,54.28,53
Malasia,Asia,Asia Sudoriental,2020,33889558,75.22,1.68,25779.59094,31.5829,7.281,89.6,129.018,9.91102,60.14,51
Malasia,Asia,Asia Sudoriental,2021,34282399,74.17,1.56,26333.159,32.1969,7.35,96.8,137.685,10.8922,60.1,48
Namibia,África,África Subsahariana,2010,2109811,60.91,3.66,9108.54069,8.5726,3.561,11.6,92.4288,0.4472,NA,NA
Namibia,África,África Subsahariana,2011,2146325,61.88,3.66,9423.83725,9.1156,3.467,12,102.244,0.82047,NA,NA
Namibia,África,África Subsahariana,2012,2194654,62.94,3.68,9740.3707,9.6931,4.408,12.9,97.821,1.09598,NA,48
Namibia,África,África Subsahariana,2013,2252508,63.34,3.65,10114.4194,10.3072,4.367,13.9,121.106,1.58668,NA,48
Namibia,África,África Subsahariana,2014,2312139,63.34,3.64,10546.49924,10.9601,5.345,14.8,115.52,1.78242,45.74,49
Namibia,África,África Subsahariana,2015,2374300,63.45,3.6,10804.96346,11.6544,5.046,25.7,107.392,2.96542,NA,53
Namibia,África,África Subsahariana,2016,2439213,63.71,3.57,10619.51376,11.4544,5.023,31,109.05,2.63786,NA,52
Namibia,África,África Subsahariana,2017,2506853,64.08,3.51,10327.36949,11.1393,4.088,36.8,106.915,2.62397,44.41,51
Namibia,África,África Subsahariana,2018,2577327,64.74,3.46,10258.32542,11.0648,3.778,42.8,107.06,2.43865,48.34,53
Namibia,África,África Subsahariana,2019,2650494,65.22,3.4,10001.92902,10.7882,3.824,49.8,106.533,2.60178,44.36,52
Namibia,África,África Subsahariana,2020,2728762,64.97,3.35,9034.86039,9.7452,3.634,57.9,106.207,2.88695,44.51,51
Namibia,África,África Subsahariana,2021,2810548,61.29,3.3,9208.58303,9.9249,3.888,60.3,103.727,3.17813,44.91,49
Níger,África,África Subsahariana,2010,16548835,59.05,7.64,1024.73999,2.175,0.071,0.83,22.1685,0.00906,41.01,NA
Níger,África,África Subsahariana,2011,17176283,59.32,7.59,1010.3286,2.3194,0.077,0.9,27.613,0.01231,45.56,NA
Níger,África,África Subsahariana,2012,17836769,59.57,7.53,1075.14769,2.395,0.099,1.05,30.2495,0.02057,37.98,33
Níger,África,África Subsahariana,2013,18519898,59.97,7.45,1089.87487,2.4731,0.102,1.15,37.8312,0.03456,37.16,34
Níger,África,África Subsahariana,2014,19215909,60.36,7.34,1119.13899,2.5537,0.107,1.25,42.8624,0.15588,41.81,35
Níger,África,África Subsahariana,2015,19939498,60.64,7.22,1124.41186,2.6251,0.101,2.48,44.9309,0.13635,36.71,34
Níger,África,África Subsahariana,2016,20685753,61.08,7.04,1143.86252,2.6985,0.097,4.32,36.1205,0.03726,42.35,35
Níger,África,África Subsahariana,2017,21435446,61.53,6.87,1156.01944,2.7739,0.103,10.2,40.955,0.04035,46.16,33
Níger,África,África Subsahariana,2018,22188069,62.01,6.71,1193.31983,2.8515,0.103,NA,NA,NA,51.64,34
Níger,África,África Subsahariana,2019,22947757,62.51,6.54,1217.48355,2.9093,0.106,16.6,52.8113,0.04793,50.04,32
Níger,África,África Subsahariana,2020,23717613,61.07,6.37,1214.58888,2.9023,0.104,17,60.0356,0.0506,NA,32
Níger,África,África Subsahariana,2021,24502140,61.2,6.2,1186.57681,2.8355,0.111,17.5,61.5063,NA,NA,31
Nigeria,África,África Subsahariana,2010,166642886,59.64,5.95,4857.26627,3.4995,0.602,11.5,52.3861,0.05947,47.6,NA
Nigeria,África,África Subsahariana,2011,171379598,60.18,5.89,4975.6382,3.5248,0.602,13.8,55.5301,NA,NA,NA
Nigeria,África,África Subsahariana,2012,176200625,60.7,5.8,5045.47172,3.5503,0.447,16.1,64.0053,0.0081,54.93,27
Nigeria,África,África Subsahariana,2013,181049443,61.17,5.69,5238.83267,3.5921,0.641,19.1,70.2825,0.00831,48.18,25
Nigeria,África,África Subsahariana,2014,185896915,61.58,5.62,5424.92451,3.6343,0.654,21,74.7513,0.00847,NA,27
Nigeria,África,África Subsahariana,2015,190671878,62.11,5.5,5429.09962,3.677,0.633,22.5,79.1045,0.00823,49.33,26
Nigeria,África,África Subsahariana,2016,195443700,62.7,5.34,5209.07416,3.67,0.625,24.1,78.9701,0.05522,52.2,28
Nigeria,África,África Subsahariana,2017,200254579,63.26,5.18,5120.0056,3.663,0.559,25.9,72.368,0.05535,53.22,27
Nigeria,África,África Subsahariana,2018,204938755,63.77,5.02,5089.77763,3.6559,0.506,27.7,84.284,0.03609,52.52,27
Nigeria,África,África Subsahariana,2019,209485641,64.34,4.86,5076.36829,3.6463,0.583,29.7,88.1169,0.03979,42.66,26
Nigeria,África,África Subsahariana,2020,213996181,64.31,4.7,4865.08683,3.4945,0.634,31.9,95.4357,0.03052,55.03,25
Nigeria,África,África Subsahariana,2021,218529286,64.05,4.64,4922.63245,3.5359,0.678,35.5,89.2916,0.03016,44.79,24
Nicaragua,Américas,América Latina y el Caribe,2010,5737450,74.37,2.6,4587.69814,9.0992,0.912,10,69.0594,1.27721,56.87,NA
Nicaragua,Américas,América Latina y el Caribe,2011,5819051,74.33,2.56,4806.26565,9.6926,0.92,10.6,82.8921,1.4623,53.86,NA
Nicaragua,Américas,América Latina y el Caribe,2012,5901287,74.39,2.53,5043.7438,10.3247,0.941,13.5,99.1601,1.71678,54.48,29
Nicaragua,Américas,América Latina y el Caribe,2013,5983845,74.46,2.49,5215.432,10.998,0.938,15.5,113.789,2.20071,57.72,28
Nicaragua,Américas,América Latina y el Caribe,2014,6066492,74.5,2.46,5386.43311,11.7152,1.032,17.6,116.507,1.83646,62.75,28
Nicaragua,Américas,América Latina y el Caribe,2015,6149417,74.91,2.43,5564.00378,12.1013,1.172,19.7,118.127,1.89137,59.24,27
Nicaragua,Américas,América Latina y el Caribe,2016,6232666,74.77,2.41,5735.35335,12.4739,1.159,24.6,124.273,2.84026,60.13,26
Nicaragua,Américas,América Latina y el Caribe,2017,6316231,75.04,2.38,5916.43845,12.8678,1.114,30.4,129.506,3.32673,64.76,26
Nicaragua,Américas,América Latina y el Caribe,2018,6400080,75.18,2.35,5637.6528,12.2615,1.046,33.9,116.272,3.00642,58.19,25
Nicaragua,Américas,América Latina y el Caribe,2019,6483657,75.38,2.32,5399.03546,11.7425,1.001,37.8,89.2773,3.35641,61.13,22
Nicaragua,Américas,América Latina y el Caribe,2020,6565267,73.08,2.3,5232.05257,11.3781,0.865,42.2,90.8141,4.42253,62.87,22
Nicaragua,Américas,América Latina y el Caribe,2021,6644741,75.16,2.27,5692.02133,12.3819,0.925,47.1,93.8165,4.5138,60.95,20
Países Bajos,Europa,Europa Occidental,2010,16771235,80.95,1.79,51381.96671,56.2743,13.359,90.7,114.357,37.7372,75.02,NA
Países Bajos,Europa,Europa Occidental,2011,16851057,81.13,1.75,51936.18713,55.6257,12.593,91.4,117.674,38.5614,75.64,NA
Países Bajos,Europa,Europa Occidental,2012,16915194,81.22,1.72,51211.19985,54.8541,11.25,92.9,116.564,39.3374,74.71,84
Países Bajos,Europa,Europa Occidental,2013,16967063,81.43,1.68,50993.97285,53.7441,11.195,94,114.734,40.0305,74.07,83
Países Bajos,Europa,Europa Occidental,2014,17030089,81.62,1.7,51534.05066,54.6173,10.081,91.7,114.867,40.2288,73.21,83
Países Bajos,Europa,Europa Occidental,2015,17107433,81.66,1.66,52311.32132,57.8778,9.94,91.7,121.638,41.088,73.24,84
Países Bajos,Europa,Europa Occidental,2016,17204693,81.66,1.66,53174.10007,59.7971,9.914,90.4,121.42,41.9814,75.41,83
Países Bajos,Europa,Europa Occidental,2017,17315370,81.71,1.62,54399.38274,60.272,9.783,93.2,118.577,42.0989,74.59,82
Países Bajos,Europa,Europa Occidental,2018,17421280,81.72,1.59,55359.49772,60.4005,9.799,91.9,121.162,42.5152,74.63,82
Países Bajos,Europa,Europa Occidental,2019,17537507,81.74,1.57,56073.57386,62.7148,9.584,93.3,124.088,42.5293,74.25,82
Países Bajos,Europa,Europa Occidental,2020,17636731,81.34,1.55,53595.93187,64.1748,8.666,91.3,121.423,42.6667,75.04,82
Países Bajos,Europa,Europa Occidental,2021,17730564,81.39,1.62,56617.35179,66.9444,8.858,92.1,123.448,42.9461,73.14,82
Noruega,Europa,Europa Septentrional,2010,4889162,81.3,1.94,61666.8541,63.3295,11.297,93.4,114.524,35.2485,NA,NA
Noruega,Europa,Europa Septentrional,2011,4952968,81.29,1.88,61545.12006,66.4473,10.297,93.5,115.596,36.0526,NA,NA
Noruega,Europa,Europa Septentrional,2012,5018458,81.62,1.85,62392.99081,67.9785,9.583,94.7,115.524,37.0178,76.78,85
Noruega,Europa,Europa Septentrional,2013,5080124,81.81,1.78,62269.52555,71.3392,9.588,95.1,112.046,37.6117,NA,86
Noruega,Europa,Europa Septentrional,2014,5137395,82.15,1.75,62832.29426,72.4734,9.409,96.3,111.69,38.485,74.44,86
Noruega,Europa,Europa Septentrional,2015,5189771,82.41,1.73,63365.61422,73.3428,9.691,96.8,110.118,39.5096,76.03,88
Noruega,Europa,Europa Septentrional,2016,5235983,82.53,1.71,63541.39537,72.9729,9.405,97.3,109.427,40.2403,75.96,85
Noruega,Europa,Europa Septentrional,2017,5276802,82.81,1.62,64583.16109,71.5534,9.482,96.4,108.393,41.0328,75.79,85
Noruega,Europa,Europa Septentrional,2018,5311752,82.83,1.57,64690.06569,72.1162,9.319,96.5,107.703,41.5279,74.44,84
Noruega,Europa,Europa Septentrional,2019,5347730,82.9,1.53,64976.92039,74.0588,9.132,98,108.005,42.2722,74.42,84
Noruega,Europa,Europa Septentrional,2020,5379274,83.14,1.48,63769.84667,72.6831,8.708,94.6,108.297,44.3863,72.9,84
Noruega,Europa,Europa Septentrional,2021,5408091,83.18,1.56,65909.00303,75.1138,8.804,99,109.586,44.9392,73.62,85
Nepal,Asia,Asia Meridional,2010,27341952,69.04,2.54,2682.6987,5.1935,0.162,7.93,33.6317,0.22009,43.5,NA
Nepal,Asia,Asia Meridional,2011,27464494,69.22,2.46,2763.82832,5.3505,0.176,9,48.6245,0.34465,38.09,NA
Nepal,Asia,Asia Meridional,2012,27534915,69.47,2.42,2886.09752,5.5872,0.184,11.1,60.3184,0.83755,42.33,27
Nepal,Asia,Asia Meridional,2013,27589996,69.68,2.36,2982.287,5.7734,0.215,13.3,77.4277,1.12888,46.05,31
Nepal,Asia,Asia Meridional,2014,27672370,69.91,2.32,3152.29326,6.1026,0.252,15.4,83.1925,0.9056,49.75,29
Nepal,Asia,Asia Meridional,2015,27823629,69.35,2.27,3260.035,6.3111,0.228,17.6,98.8946,1.08794,48.12,27
Nepal,Asia,Asia Meridional,2016,27955462,70.37,2.23,3244.6743,6.2814,0.326,20.7,114.898,0.80193,51,29
Nepal,Asia,Asia Meridional,2017,28011258,70.6,2.17,3495.5288,6.767,0.385,24.3,128.864,1.79644,47.37,31
Nepal,Asia,Asia Meridional,2018,28079689,70.84,2.12,3719.30778,7.2003,0.94,28.6,139.526,2.82041,49.1,31
Nepal,Asia,Asia Meridional,2019,28414064,71.07,2.08,3922.08133,7.5928,0.857,33.3,136.186,3.62848,54.49,34
Nepal,Asia,Asia Meridional,2020,28966574,70.75,2.05,3761.80279,7.2825,0.845,38.9,131.921,4.38436,59.82,33
Nepal,Asia,Asia Meridional,2021,29475010,69.94,2.03,3853.6803,7.4604,0.904,45.3,129.645,4.30873,46.22,33
Nauru,Oceanía,Micronesia,2010,10043,60.03,4.02,6567.89995,4.9263,4.396,NA,61.7345,9.45932,NA,NA
Nauru,Oceanía,Micronesia,2011,10098,60.5,4.12,7502.99658,5.3888,4.006,54,66.3498,NA,NA,NA
Nauru,Oceanía,Micronesia,2012,10267,60.87,4.12,9186.8125,6.9687,3.98,NA,66.2316,NA,NA,NA
Nauru,Oceanía,Micronesia,2013,10517,61.35,4.1,9342.02824,7.1151,4.311,NA,NA,NA,NA,NA
Nauru,Oceanía,Micronesia,2014,10742,61.88,4.09,10578.60793,8.0135,4.633,NA,NA,NA,NA,NA
Nauru,Oceanía,Micronesia,2015,10954,62.29,4.08,10700.63039,7.3943,4.595,NA,85.8134,NA,NA,NA
Nauru,Oceanía,Micronesia,2016,11150,62.65,4.03,10897.28742,7.8099,4.551,NA,88.7892,NA,NA,NA
Nauru,Oceanía,Micronesia,2017,11324,62.96,3.88,9991.36413,7.1505,4.627,62.4,88.308,NA,NA,NA
Nauru,Oceanía,Micronesia,2018,11477,63.19,3.68,9705.63324,7.5603,4.71,NA,NA,NA,NA,NA
Nauru,Oceanía,Micronesia,2019,11587,63.39,3.53,10354.5517,8.0442,4.896,74.7,86.3036,NA,NA,NA
Nauru,Oceanía,Micronesia,2020,11643,63.34,3.47,10361.32451,8.2605,4.667,81.7,85.8885,NA,NA,NA
Nauru,Oceanía,Micronesia,2021,11709,63.52,3.43,10989.62208,8.3955,4.994,NA,85.4044,NA,NA,NA
Nueva Zelandia,Oceanía,Australia y Nueva Zelanda,2010,4347770,80.92,2.17,37809.62555,37.8684,8.336,80.5,108.331,25.1163,72.24,NA
Nueva Zelandia,Oceanía,Australia y Nueva Zelanda,2011,4382700,80.92,2.1,38363.43717,38.4156,8.361,81.2,109.978,26.8784,71.91,NA
Nueva Zelandia,Oceanía,Australia y Nueva Zelanda,2012,4411676,81.24,2.09,39027.21103,39.074,8.772,81.6,111.568,28.8326,72.5,90
Nueva Zelandia,Oceanía,Australia y Nueva Zelanda,2013,4453851,81.51,2,39797.47131,39.8471,8.804,82.8,107.009,29.5475,72.8,91
Nueva Zelandia,Oceanía,Australia y Nueva Zelanda,2014,4522983,81.53,1.93,40611.40183,40.6842,8.62,84,112.757,31.1741,73.06,91
Nueva Zelandia,Oceanía,Australia y Nueva Zelanda,2015,4614029,81.72,1.98,41278.78182,41.3537,8.38,85.2,121.369,31.4454,74.18,91
Nueva Zelandia,Oceanía,Australia y Nueva Zelanda,2016,4714770,81.91,1.88,41874.87426,41.9725,8.121,86.5,129.381,32.4618,72.26,90
Nueva Zelandia,Oceanía,Australia y Nueva Zelanda,2017,4812752,81.99,1.81,42402.49711,42.5536,8.044,87.7,132.98,32.8918,73.27,89
Nueva Zelandia,Oceanía,Australia y Nueva Zelanda,2018,4900847,81.78,1.72,43107.25964,43.2716,7.972,89,128.937,33.6194,73.7,87
Nueva Zelandia,Oceanía,Australia y Nueva Zelanda,2019,4989403,81.78,1.72,43428.8873,43.6302,7.911,89.9,120.475,34.0228,72.05,87
Nueva Zelandia,Oceanía,Australia y Nueva Zelanda,2020,5069895,81.96,1.63,42301.34241,42.3997,7.623,95.2,123.001,34.813,72.57,88
Nueva Zelandia,Oceanía,Australia y Nueva Zelanda,2021,5107697,81.67,1.65,44041.90281,44.4059,7.359,96.1,114.455,35.2628,71.37,88
Omán,Asia,Asia Occidental,2010,2757446,70.43,2.97,40819.93848,40.3946,14.863,35.8,151.446,1.92528,NA,NA
Omán,Asia,Asia Occidental,2011,3076763,70.84,2.96,37745.45215,37.3522,14.129,48,147.926,2.40586,68.53,NA
Omán,Asia,Asia Occidental,2012,3547106,71.48,2.93,37270.58652,36.8822,14.224,60,150.873,3.23965,NA,47
Omán,Asia,Asia Occidental,2013,3833913,71.93,2.95,36330.47856,35.9519,13.862,66.5,149.209,4.09822,NA,47
Omán,Asia,Asia Occidental,2014,4002439,72.27,2.97,35032.25685,34.6672,14.762,70.2,153.806,4.39661,NA,45
Omán,Asia,Asia Occidental,2015,4184895,72.41,2.97,35188.02376,34.8214,15.635,73.5,155.756,5.46555,NA,45
Omán,Asia,Asia Occidental,2016,4390877,72.61,2.95,35229.95419,34.8629,15.545,76.8,153.291,6.35484,NA,45
Omán,Asia,Asia Occidental,2017,4537396,72.91,2.92,34218.38813,33.8619,15.176,80.2,148.822,7.47817,NA,44
Omán,Asia,Asia Occidental,2018,4597877,73.57,2.81,34212.10677,33.8556,13.622,85.5,139.967,9.17127,NA,52
Omán,Asia,Asia Occidental,2019,4591241,73.96,2.7,33814.11162,33.4618,12.059,90.3,138.232,10.2442,NA,52
Omán,Asia,Asia Occidental,2020,4522497,70.88,2.64,33098.2099,32.7533,12.858,95.2,140.379,11.383,NA,54
Omán,Asia,Asia Occidental,2021,4500424,68.78,2.59,34294.76467,33.9374,14.618,95.2,135.077,11.5853,NA,52
Pakistán,Asia,Asia Meridional,2010,199239047,63.27,4.4,4081.31063,4.2928,0.847,8,49.7823,0.39625,57.86,NA
Pakistán,Asia,Asia Meridional,2011,203746065,63.62,4.31,4103.16297,4.3942,0.843,8,53.4462,0.57243,52.67,NA
Pakistán,Asia,Asia Meridional,2012,207667125,63.82,4.2,4152.06146,4.5329,0.841,8.1,57.8576,0.7304,51.32,27
Pakistán,Asia,Asia Meridional,2013,211073978,64,4.13,4267.286,4.6759,0.799,9,60.5178,0.77134,51.38,28
Pakistán,Asia,Asia Meridional,2014,214264647,64.17,4.06,4380.7756,4.8905,0.825,10,63.3618,0.93748,54.36,29
Pakistán,Asia,Asia Meridional,2015,217290883,64.42,3.99,4506.7415,5.115,0.887,11,57.9406,0.82525,48.23,30
Pakistán,Asia,Asia Meridional,2016,220138869,64.66,3.9,4745.52328,5.0681,1.024,12.4,62.0013,1.13035,55.49,32
Pakistán,Asia,Asia Meridional,2017,223273967,64.93,3.9,4890.48901,5.0216,1.104,13.8,64.7302,1.03819,58.31,32
Pakistán,Asia,Asia Meridional,2018,226928892,65.45,3.86,5112.14775,4.9755,1.027,15.3,67.8568,0.95287,54.72,33
Pakistán,Asia,Asia Meridional,2019,230800899,65.86,3.81,5156.24893,5.0184,1.005,17.1,71.666,0.88151,44.43,32
Pakistán,Asia,Asia Meridional,2020,235001746,65.38,3.77,5003.09314,4.8693,1,18.9,74.7332,1.03954,46.24,31
Pakistán,Asia,Asia Meridional,2021,239477801,65.21,3.72,5232.14277,5.091,1.076,21.4,78.8012,1.23144,44.87,28
Panamá,Américas,América Latina y el Caribe,2010,3628535,78.5,2.59,22237.10002,23.0821,0.353,40.1,183.169,7.11835,73.21,NA
Panamá,Américas,América Latina y el Caribe,2011,3693505,78.65,2.6,24316.35601,25.5492,-0.004,42.7,182.359,7.65785,72.48,NA
Panamá,Américas,América Latina y el Caribe,2012,3759256,78.63,2.59,26223.58363,25.8587,-0.579,40.3,165.287,7.84035,68.6,38
Panamá,Américas,América Latina y el Caribe,2013,3825329,78.73,2.57,27544.79456,26.7874,-0.325,44,162.199,8.03241,68.66,35
Panamá,Américas,América Latina y el Caribe,2014,3892101,78.91,2.55,28439.95359,26.9112,0.057,44.9,177.439,7.96652,66.31,37
Panamá,Américas,América Latina y el Caribe,2015,3960035,79.26,2.53,29551.36675,29.3959,0.342,51.2,144.997,7.98397,66.06,39
Panamá,Américas,América Latina y el Caribe,2016,4029086,79.48,2.5,30481.77166,30.8926,0.538,54,127.616,10.6707,61.18,38
Panamá,Américas,América Latina y el Caribe,2017,4098707,79.62,2.46,31638.15192,30.7209,4.367,60,128.826,10.7635,65.68,37
Panamá,Américas,América Latina y el Caribe,2018,4167860,79.86,2.4,32259.22078,32.3872,4.125,61.8,137.298,12.9616,62.81,37
Panamá,Américas,América Latina y el Caribe,2019,4234700,80.03,2.29,32788.33249,33.496,4.158,63.6,137.57,12.6486,60.86,36
Panamá,Américas,América Latina y el Caribe,2020,4293261,78.85,2.18,26606.29496,32.1546,3.686,70,142.283,13.8347,NA,35
Panamá,Américas,América Latina y el Caribe,2021,4345405,78.4,2.15,30416.7935,30.8668,3.944,77,147.9,14.8381,65.53,36
Perú,Américas,América Latina y el Caribe,2010,29086019,77.32,2.42,10009.58154,11.66,2.111,34.8,100.1,3.20602,56.13,NA
Perú,Américas,América Latina y el Caribe,2011,29304086,77.69,2.41,10553.31303,12.0512,1.953,36,110.774,4.13515,58.92,NA
Perú,Américas,América Latina y el Caribe,2012,29550366,78,2.36,11098.89418,12.7169,1.944,38.2,99.4508,4.88246,58.25,38
Perú,Américas,América Latina y el Caribe,2013,29817919,78.37,2.32,11635.34234,12.8433,1.906,39.2,99.9174,5.40887,57.83,38
Perú,Américas,América Latina y el Caribe,2014,30115826,78.89,2.27,11788.83592,12.9072,2.027,40.2,105.858,5.86754,58.66,38
Perú,Américas,América Latina y el Caribe,2015,30457600,79.4,2.23,12030.38407,13.0308,2.006,40.9,112.405,6.56473,55.77,36
Perú,Américas,América Latina y el Caribe,2016,30866494,79.61,2.19,12336.90227,13.4769,1.998,45.5,119.655,6.87076,57.01,35
Perú,Américas,América Latina y el Caribe,2017,31324637,79.82,2.15,12458.48416,13.2823,1.975,50.5,124.233,7.37508,57.11,37
Perú,Américas,América Latina y el Caribe,2018,31897584,80.04,2.12,12712.2946,13.617,1.999,55.1,132.157,8.09511,56.8,35
Perú,Américas,América Latina y el Caribe,2019,32449303,80.25,2.09,12751.27583,13.7971,2.028,60,122.79,7.38779,59.99,36
Perú,Américas,América Latina y el Caribe,2020,32838579,77.62,2.06,11193.49243,10.8724,1.72,65.3,119.854,8.41187,49.94,38
Perú,Américas,América Latina y el Caribe,2021,33155882,76.27,2.03,12533.84142,12.0875,1.966,71.1,129.994,9.05771,56.94,36
Filipinas,Asia,Asia Sudoriental,2010,96337125,70.58,3.32,5876.47814,7.0025,1.08,25,86.3116,NA,49.42,NA
Filipinas,Asia,Asia Sudoriental,2011,98248614,70.65,3.24,5995.43098,7.0169,1.131,29,95.8688,1.82293,49.94,NA
Filipinas,Asia,Asia Sudoriental,2012,100175512,70.73,3.14,6298.16009,7.0313,1.203,30.8,101.8,2.14284,50.02,34
Filipinas,Asia,Asia Sudoriental,2013,102076336,70.56,3.04,6610.85122,7.2117000000000004,1.29,32.7,100.732,2.52047,49.77,36
Filipinas,Asia,Asia Sudoriental,2014,103767130,70.99,2.89,6917.74915,7.3968,1.335,34.7,107.284,2.79472,53.13,38
Filipinas,Asia,Asia Sudoriental,2015,105312992,70.91,2.83,7235.0814,7.5866,1.389,36.9,111.893,2.7537,55.47,35
Filipinas,Asia,Asia Sudoriental,2016,106735719,71.04,2.68,7616.04977,7.7742000000000004,1.482,39.2,112.518,2.79705,54.31,35
Filipinas,Asia,Asia Sudoriental,2017,108119693,71.2,2.53,8001.75648,7.9664,1.562,41.6,110.962,3.14401,55.94,34
Filipinas,Asia,Asia Sudoriental,2018,109465287,71.58,2.38,8365.73245,8.1634,1.607,44.1,122.96,3.4609,58.69,36
Filipinas,Asia,Asia Sudoriental,2019,110804683,71.84,2.22,8731.86087,8.0019,1.604,43,151.007,5.69731,62.68,34
Filipinas,Asia,Asia Sudoriental,2020,112081264,72.09,2.08,7773.26023,7.8436,1.496,53.8,133.456,7.08109,50.8,34
Filipinas,Asia,Asia Sudoriental,2021,113100950,69.24,1.95,8095.57957,7.6884,1.577,66.9,144.424,8.50898,59.65,33
Palau,Oceanía,Micronesia,2010,18396,66.99,1.94,14332.98454,15.3398,11.642,NA,78.8867,1.2992,NA,NA
Palau,Oceanía,Micronesia,2011,18078,66.99,1.97,15314.39243,16.6342,12.19,NA,85.4353,2.86536,NA,NA
Palau,Oceanía,Micronesia,2012,17765,67.05,2.01,15760.38374,17.1895,12.268,NA,96.5438,5.05488,NA,NA
Palau,Oceanía,Micronesia,2013,17648,67.05,2.05,15402.87039,16.7388,12.499,NA,101.683,10.2278,NA,NA
Palau,Oceanía,Micronesia,2014,17715,67.13,2.03,16226.5706,17.8013,12.691,NA,107.897,6.26588,NA,NA
Palau,Oceanía,Micronesia,2015,17770,67.24,2,17810.40541,19.1455,12.663,NA,133.613,6.88801,NA,NA
Palau,Oceanía,Micronesia,2016,17797,67.32,2.06,17945.38637,19.1059,12.625,NA,NA,NA,NA,NA
Palau,Oceanía,Micronesia,2017,17812,67.39,2.02,17289.80997,18.305,12.895,NA,NA,NA,NA,NA
Palau,Oceanía,Micronesia,2018,17814,67.44,1.97,17373.04329,18.2971,13.175,NA,NA,NA,NA,NA
Palau,Oceanía,Micronesia,2019,17798,67.5,1.98,17480.16326,18.3163,13.696,NA,134.847,NA,NA,NA
Palau,Oceanía,Micronesia,2020,17792,68.06,1.97,16106.91545,16.5963,13.055,NA,134.892,NA,NA,NA
Palau,Oceanía,Micronesia,2021,17783,68.76,1.95,13785.63649,14.342,13.969,NA,134.96,NA,NA,NA
Papua Nueva Guinea,Oceanía,Melanesia,2010,7633523,62.78,3.88,3312.90731,3.6938,0.638,1.28,25.0091,0.07991,NA,NA
Papua Nueva Guinea,Oceanía,Melanesia,2011,7859346,62.95,3.82,3253.75854,3.6278,0.7,2,30.5369,0.09543,NA,NA
Papua Nueva Guinea,Oceanía,Melanesia,2012,8081390,63.08,3.75,3311.99322,3.6928,0.653,3.5,33.5215,0.11384,NA,25
Papua Nueva Guinea,Oceanía,Melanesia,2013,8302698,63.44,3.68,3347.31138,3.7321,0.662,5.1,36.1328,0.1361,NA,25
Papua Nueva Guinea,Oceanía,Melanesia,2014,8523441,63.73,3.63,3702.5387,4.1282,0.727,6.5,39.4078,0.15487,NA,25
Papua Nueva Guinea,Oceanía,Melanesia,2015,8743246,63.93,3.56,3847.01292,4.2893,0.91,7.9,40.7171,0.17156,NA,25
Papua Nueva Guinea,Oceanía,Melanesia,2016,8961718,64.1,3.5,3959.24348,4.4144,0.899,9.6,42.2017,0.1897,NA,28
Papua Nueva Guinea,Oceanía,Melanesia,2017,9178714,64.27,3.43,4002.21364,4.4623,0.9,11.2,43.7752,0.19611,NA,29
Papua Nueva Guinea,Oceanía,Melanesia,2018,9394513,64.42,3.38,3899.30392,4.3476,0.911,NA,45.7714,NA,NA,28
Papua Nueva Guinea,Oceanía,Melanesia,2019,9609010,64.66,3.32,3982.96205,4.4409,0.947,20,47.1953,0.20814,NA,28
Papua Nueva Guinea,Oceanía,Melanesia,2020,9815746,64.97,3.27,3774.85955,4.2088,0.903,24.4,49.0844,0.21394,NA,27
Papua Nueva Guinea,Oceanía,Melanesia,2021,10012896,64.54,3.22,3670.19091,4.1284,0.966,23.2,48.1179,0.20973,NA,31
Polonia,Europa,Europa Oriental,2010,38095351,76.48,1.41,23673.58452,21.5426,8.516,62.3,123.249,15.3785,58.87,NA
Polonia,Europa,Europa Oriental,2011,38208643,76.76,1.34,24853.88368,21.5047,8.405,62,131.28,18.2475,56.46,NA
Polonia,Europa,Europa Oriental,2012,38247868,76.87,1.33,25237.99159,21.3871,8.378,62.3,141.41,18.008,58.76,58
Polonia,Europa,Europa Oriental,2013,38259262,77.18,1.29,25469.53817,21.7916,8.025,62.8,148.912,18.3774,57.46,60
Polonia,Europa,Europa Oriental,2014,38265113,77.64,1.32,26466.59562,22.2713,7.758,66.6,148.713,18.9046,57.5,61
Polonia,Europa,Europa Oriental,2015,38266314,77.62,1.32,27645.12242,23.1227,7.995,68,142.52,18.9868,60.07,63
Polonia,Europa,Europa Oriental,2016,38263265,77.87,1.39,28473.86045,24.5167,7.926,73.3,138.519,19.1513,61.62,62
Polonia,Europa,Europa Oriental,2017,38254959,77.98,1.47,29933.68589,25.1083,8.244,76,131.901,19.9532,62.01,60
Polonia,Europa,Europa Oriental,2018,38241071,78.02,1.44,31713.36939,26.1301,8.49,77.5,126.266,20.5314,61.11,60
Polonia,Europa,Europa Oriental,2019,38225885,78.1,1.44,33132.70286,27.9623,8.002,80.4,126.597,20.5043,62.42,58
Polonia,Europa,Europa Oriental,2020,38171012,77.12,1.38,32520.27969,27.4455,7.43,83.2,129.288,21.9256,61.39,56
Polonia,Europa,Europa Oriental,2021,38040302,76.63,1.32,34915.53906,29.4429,8.093,85.4,132.987,22.8166,59.78,56
República Popular Democrática de Corea,Asia,Asia Oriental,2010,24987258,70.93,1.89,2004.28947,4.8588,2.039,NA,1.72856,NA,NA,NA
República Popular Democrática de Corea,Asia,Asia Oriental,2011,25097874,71.15,1.88,2011.1574,4.8732,1.468,NA,3.9844,NA,NA,NA
República Popular Democrática de Corea,Asia,Asia Oriental,2012,25211728,71.4,1.88,2027.18256,4.9129,1.516,NA,6.74289,NA,NA,8
República Popular Democrática de Corea,Asia,Asia Oriental,2013,25329451,71.67,1.88,2038.6291,4.9417,1.085,NA,9.5541,NA,NA,8
República Popular Democrática de Corea,Asia,Asia Oriental,2014,25451262,71.94,1.87,2050.07564,4.9695,1.22,NA,11.0014,NA,NA,8
República Popular Democrática de Corea,Asia,Asia Oriental,2015,25575350,72.2,1.86,2018.02532,4.8895,0.978,NA,12.6684,NA,NA,8
República Popular Democrática de Corea,Asia,Asia Oriental,2016,25698326,72.4,1.86,2084.41527,4.8327,1.086,NA,14.032,NA,NA,12
República Popular Democrática de Corea,Asia,Asia Oriental,2017,25817709,72.67,1.85,2002.00016,4.642,1.123,NA,14.7573,NA,NA,17
República Popular Democrática de Corea,Asia,Asia Oriental,2018,25931147,72.9,1.83,1910.42783,4.4286,1.184,NA,NA,NA,NA,14
República Popular Democrática de Corea,Asia,Asia Oriental,2019,26037632,73.15,1.83,1908.13852,3.9979,1.214,NA,16.3341,NA,NA,17
República Popular Democrática de Corea,Asia,Asia Oriental,2020,26136312,73.23,1.82,1813.13222,3.6091,1.213,NA,22.9566,NA,NA,18
República Popular Democrática de Corea,Asia,Asia Oriental,2021,26232534,73.24,1.81,1805.11964,3.2581,1.298,NA,22.8724,NA,NA,16
Portugal,Europa,Europa Meridional,2010,10578660,80.24,1.38,31840.30359,31.4072,9.026,53.3,115.425,20.1036,50.95,NA
Portugal,Europa,Europa Meridional,2011,10557052,80.54,1.34,31346.31137,30.0746,5.939,55.3,116.837,21.2468,52.2,NA
Portugal,Europa,Europa Meridional,2012,10513150,80.79,1.28,30196.67555,28.3168,4.921,60.3,113.359,22.7408,49.94,63
Portugal,Europa,Europa Meridional,2013,10458298,81.07,1.21,30082.71382,28.2502,4.744,62.1,114.655,24.5103,51.58,62
Portugal,Europa,Europa Meridional,2014,10406199,81.35,1.23,30484.9558,28.7545,4.699,64.6,114.313,27.4622,51.27,63
Portugal,Europa,Europa Meridional,2015,10370267,81.54,1.3,31160.03993,30.2691,5.001,68.6,112.964,30.3,50.81,64
Portugal,Europa,Europa Meridional,2016,10346372,81.57,1.36,31889.75297,31.0397,5.273,70.4,111.847,32.6259,54.47,62
Portugal,Europa,Europa Meridional,2017,10330844,81.63,1.38,33088.51889,31.2584,5.642,73.8,113.874,34.6016,57.11,63
Portugal,Europa,Europa Meridional,2018,10325353,81.69,1.41,34085.84779,32.99,5.425,74.7,114.859,36.6543,59.2,64
Portugal,Europa,Europa Meridional,2019,10343213,81.72,1.42,34991.98345,35.2619,5.081,75.3,115.146,38.3606,60.95,62
Portugal,Europa,Europa Meridional,2020,10370519,81.07,1.41,32053.75733,36.5825,4.63,78.3,114.276,40.1215,57.68,61
Portugal,Europa,Europa Meridional,2021,10390956,81.06,1.33,33681.02883,38.4906,4.65,82.3,119.769,41.5146,61.83,62
Paraguay,Américas,América Latina y el Caribe,2010,5737971,75.74,2.7,11281.25573,15.4202,1.506,19.8,103.187,1.55966,58.41,NA
Paraguay,Américas,América Latina y el Caribe,2011,5814626,75.97,2.67,11613.16858,16.9857,1.695,24.8,112.287,2.0655,56.77,NA
Paraguay,Américas,América Latina y el Caribe,2012,5897008,76.16,2.66,11376.4073,16.8683,1.567,29.3,115.206,2.30883,58.2,25
Paraguay,Américas,América Latina y el Caribe,2013,5982445,76.03,2.64,12150.97152,18.8476,1.63,36.9,117.9,2.61726,59.36,24
Paraguay,Américas,América Latina y el Caribe,2014,6069811,76.4,2.65,12616.41423,20.1091,1.649,43,120.354,3.04993,51.19,24
Paraguay,Américas,América Latina y el Caribe,2015,6159103,76.49,2.65,12806.09668,19.0088,1.6,49.7,120.342,3.49296,55.6,27
Paraguay,Américas,América Latina y el Caribe,2016,6249126,76.13,2.62,13163.74019,18.4333,1.688,53.4,119.848,3.94711,58.01,30
Paraguay,Américas,América Latina y el Caribe,2017,6338660,76.27,2.59,13604.17472,19.4121,1.886,61.1,117.821,4.57926,57.13,29
Paraguay,Américas,América Latina y el Caribe,2018,6427382,76.48,2.56,13848.49911,19.234,1.965,65,115.75,4.98959,NA,29
Paraguay,Américas,América Latina y el Caribe,2019,6515058,76.61,2.53,13609.72301,19.46,1.916,68.5,119.137,6.32667,56.53,28
Paraguay,Américas,América Latina y el Caribe,2020,6603739,76.15,2.5,13317.32112,17.2041,1.833,74,119.1,8.51592,55.01,28
Paraguay,Américas,América Latina y el Caribe,2021,6684182,73.11,2.47,13676.39021,17.3186,1.961,77,119.313,10.8119,55.76,30
Palestina,Asia,Asia Occidental,2010,4016916,73.67,4.43,5411.06648,14.3014,0.502,37.4,64.8154,NA,47.03,NA
Palestina,Asia,Asia Occidental,2011,4115908,73.74,4.31,5782.68959,14.2733,0.542,41.1,70.093,3.7893,47.51,NA
Palestina,Asia,Asia Occidental,2012,4215313,73.9,4.15,5985.68325,14.1826,0.519,43.4,74.3646,4.4215,46.47,NA
Palestina,Asia,Asia Occidental,2013,4315261,74.81,4.05,6118.25718,14.0925,0.563,46.6,73.9291,4.93748,48.44,NA
Palestina,Asia,Asia Occidental,2014,4415882,74.5,4,5967.07344,14.003,0.641,53.7,72.4102,5.32492,47.22,NA
Palestina,Asia,Asia Occidental,2015,4521565,74.33,3.98,6048.9766,13.914,0.664,56.7,78.0924,6.07091,46.95,NA
Palestina,Asia,Asia Occidental,2016,4632739,74.49,3.89,6438.93364,13.8257,0.698,59.9,80.1511,6.92213,49.07,NA
Palestina,Asia,Asia Occidental,2017,4742743,74.68,3.77,6401.74089,13.7458,0.671,63.3,84.2594,7.58785,46.28,NA
Palestina,Asia,Asia Occidental,2018,4850592,74.66,3.67,6318.21007,13.5664,0.661,64.4,90.2055,7.50601,45.54,NA
Palestina,Asia,Asia Occidental,2019,4957768,74.8,3.59,6245.4487,13.4102,0.677,70.6,86.7372,7.35978,44.83,NA
Palestina,Asia,Asia Occidental,2020,5069692,73.97,3.51,5402.53877,11.6003,0.671,76,80.1298,7.43459,NA,NA
Palestina,Asia,Asia Occidental,2021,5185336,73.05,3.44,5641.0444,12.1124,0.718,82.2,78.1621,8.01283,NA,NA
Qatar,Asia,Asia Occidental,2010,1709229,73.36,2.14,103865.868,119.6648,25.611,69,127.92,8.5294,68.5,NA
Qatar,Asia,Asia Occidental,2011,1810950,73.88,2.07,111840.2825,128.8522,19.406,69,127.128,9.08921,65.92,NA
Qatar,Asia,Asia Occidental,2012,1907117,74.28,2.04,110892.3757,127.7601,23.281,69.3,136.395,9.70717,66.11,68
Qatar,Asia,Asia Occidental,2013,2032641,74.66,2.03,109586.9595,126.2561,23.083,85.3,162.86,10.6013,NA,68
Qatar,Asia,Asia Occidental,2014,2218372,74.94,2.03,106103.8852,122.2432,25.559,91.5,149.02,10.1638,NA,69
Qatar,Asia,Asia Occidental,2015,2427331,75.46,1.98,101936.0193,117.4414,27.844,92.9,154.098,9.7957,63.75,71
Qatar,Asia,Asia Occidental,2016,2599372,75.73,1.86,97748.62782,112.6171,27.368,95.1,140.518,9.76074,NA,61
Qatar,Asia,Asia Occidental,2017,2706709,75.94,1.83,92145.08058,106.1612,26.614,97.4,147.358,9.47867,NA,63
Qatar,Asia,Asia Occidental,2018,2761142,76.11,1.76,91429.35364,105.3366,24.548,99.7,142.911,9.70272,NA,62
Qatar,Asia,Asia Occidental,2019,2797921,76.28,1.73,90730.3793,104.6212,26.19,99.7,140.017,10.1747,NA,62
Qatar,Asia,Asia Occidental,2020,2803375,74.5,1.68,88987.66866,102.5235,25.631,99.7,135.498,10.5632,NA,63
Qatar,Asia,Asia Occidental,2021,2814982,74.67,1.61,92862.5718,106.9501,26.725,99.7,137.71,11.0796,NA,63
Rumania,Europa,Europa Oriental,2010,20432574,73.78,1.57,20434.16297,11.0071,4.532,39.9,119.221,14.6854,49.09,NA
Rumania,Europa,Europa Oriental,2011,20282011,74.6,1.48,21462.49946,10.5363,4.65,40,115.472,16.1875,50.23,NA
Rumania,Europa,Europa Oriental,2012,20158452,74.68,1.51,21973.25379,10.6721,4.513,45.9,113.302,17.5675,51.67,44
Rumania,Europa,Europa Oriental,2013,20062921,75.28,1.47,22114.53775,10.7436,3.944,49.8,114.191,18.8919,50.82,43
Rumania,Europa,Europa Oriental,2014,19968174,75.03,1.56,23112.21673,11.4383,4.066,54.1,114.783,20.114,57.27,43
Rumania,Europa,Europa Oriental,2015,19871019,75.25,1.62,23955.0161,12.3406,3.985,55.8,116.35,21.449,57.77,46
Rumania,Europa,Europa Oriental,2016,19777051,75.34,1.69,24781.29532,13.0255,4.106,59.5,115.791,22.4983,59.69,48
Rumania,Europa,Europa Oriental,2017,19689401,75.38,1.77,26967.92267,17.6086,4.326,63.7,113.767,24.1489,60.9,48
Rumania,Europa,Europa Oriental,2018,19597872,75.46,1.75,28762.30509,17.0841,4.503,70.7,115.492,25.9702,61.51,47
Rumania,Europa,Europa Oriental,2019,19501542,75.52,1.71,30028.34161,21.4669,4.353,73.7,116.252,27.0606,61.3,44
Rumania,Europa,Europa Oriental,2020,19392469,74.38,1.73,29083.78765,24.0669,4.148,78.5,116.478,29.3141,67.85,44
Rumania,Europa,Europa Oriental,2021,19248161,73.23,1.72,30974.37069,25.6547,4.407,83.6,119.123,31.695,65.49,45
Federación de Rusia,Europa,Europa Oriental,2010,143934465,68.82,1.59,24183.57634,22.9639,9.421,49,165.137,10.9077,53.85,NA
Federación de Rusia,Europa,Europa Oriental,2011,144043748,69.99,1.6,25193.72033,23.8616,9.849,58,141.451,12.2427,53.89,NA
Federación de Rusia,Europa,Europa Oriental,2012,144291029,70.45,1.71,26141.68842,25.1072,10.159,66,144.198,14.5008,56.21,28
Federación de Rusia,Europa,Europa Oriental,2013,144604098,70.93,1.73,26521.56578,25.646,9.862,68,150.964,16.4209,55.37,28
Federación de Rusia,Europa,Europa Oriental,2014,144925638,70.98,1.77,26224.00791,30.8083,9.59,70.5,152.513,17.2161,60.37,27
Federación de Rusia,Europa,Europa Oriental,2015,145307616,71.53,1.79,25627.09616,28.3116,9.058,70.1,156.419,18.4997,59.96,29
Federación de Rusia,Europa,Europa Oriental,2016,145778677,72.02,1.77,25603.90925,27.4447,9.317,73.1,157.174,18.8798,58.55,29
Federación de Rusia,Europa,Europa Oriental,2017,146186799,72.94,1.63,26017.12168,26.9819,9.531,76,155.486,21.2764,55.79,29
Federación de Rusia,Europa,Europa Oriental,2018,146430146,72.98,1.58,26723.90117,27.4736,9.266,80.9,156.683,21.8963,55.14,28
Federación de Rusia,Europa,Europa Oriental,2019,146533067,72.97,1.5,27296.33344,23.7168,9.417,82.6,163.646,22.4233,54.41,28
Federación de Rusia,Europa,Europa Oriental,2020,146371299,70.41,1.51,26606.60898,22.5302,9.29,85,163.101,23.1557,54.95,30
Federación de Rusia,Europa,Europa Oriental,2021,145836175,68.52,1.51,28193.83789,23.8922,10.069,88.2,169.073,23.7409,54.48,29
Ruanda,África,África Subsahariana,2010,10317553,64.54,4.52,1469.34109,2.9103,0.059,8,34.3954,0.03821,NA,NA
Ruanda,África,África Subsahariana,2011,10573733,65.31,4.33,1546.09842,2.9728,0.066,7,42.0494,0.08176,40.97,NA
Ruanda,África,África Subsahariana,2012,10829901,65.84,4.2,1638.89061,3.0367,0.075,8.02,52.5467,0.05077,33.33,53
Ruanda,África,África Subsahariana,2013,11093340,66.85,4.14,1675.89128,3.102,0.069,9,60.2989,0.02507,34.66,53
Ruanda,África,África Subsahariana,2014,11364757,67.2,4.12,1737.44291,3.0969,0.08,10.6,68.167,0.02567,35.96,49
Ruanda,África,África Subsahariana,2015,11640022,67.39,4.11,1846.73377,3.0919,0.092,12.5,75.2543,0.18149,34.83,54
Ruanda,África,África Subsahariana,2016,11919183,67.56,4.11,1909.76734,3.0868,0.095,14.6,74.8502,0.18224,33.33,54
Ruanda,África,África Subsahariana,2017,12202060,67.95,4.08,1936.0056,3.1298,0.137,17.2,72.2765,0.17849,31.08,55
Ruanda,África,África Subsahariana,2018,12487996,68.32,4.05,2050.34537,3.3153,0.15,19.2,77.6795,0.06007,35.61,56
Ruanda,África,África Subsahariana,2019,12776103,68.65,3.99,2191.03517,3.5433,0.181,21.4,75.5985,0.06954,32.68,53
Ruanda,África,África Subsahariana,2020,13065837,69,3.91,2066.97851,3.3427,0.164,23.8,81.2379,0.13535,NA,54
Ruanda,África,África Subsahariana,2021,13355260,68.27,3.84,2237.70321,3.6194,0.175,24.4,81.6382,0.23887,NA,53
Arabia Saudita,Asia,Asia Occidental,2010,25157128,71.84,2.81,40260.15143,42.0742,17.452,41,204.969,6.80363,63.07,NA
Arabia Saudita,Asia,Asia Occidental,2011,26105645,72.2,2.8,43590.97217,45.5551,16.415,47.5,206.852,7.47523,67,NA
Arabia Saudita,Asia,Asia Occidental,2012,27062443,72.56,2.78,44949.04344,46.9826,17.704,54,195.843,9.38626,63.96,44
Arabia Saudita,Asia,Asia Occidental,2013,28026825,72.88,2.67,45120.80538,47.3072,16.975,60.5,189.476,NA,64.95,46
Arabia Saudita,Asia,Asia Occidental,2014,28998128,73.17,2.68,45902.93023,48.2275,18.887,64.7,181.857,NA,62.78,49
Arabia Saudita,Asia,Asia Occidental,2015,29974938,73.25,2.63,47058.25509,49.527,21.261,69.6,176.134,21.1362,63.45,52
Arabia Saudita,Asia,Asia Occidental,2016,30717808,73.71,2.65,46988.89417,49.6863,19.302,74.9,156.041,20.8268,64.74,46
Arabia Saudita,Asia,Asia Occidental,2017,30782402,74.02,2.67,46339.69375,48.5236,18.407,94.2,130.63,21.6139,62.94,49
Arabia Saudita,Asia,Asia Occidental,2018,30365121,74.28,2.67,46695.53662,48.6892,17.089,93.3,136.046,22.4661,63.56,49
Arabia Saudita,Asia,Asia Occidental,2019,30472811,74.52,2.49,46141.84405,47.9855,17.663,95.7,135.526,22.3214,65.61,53
Arabia Saudita,Asia,Asia Occidental,2020,30991207,73.5,2.27,44279.46793,45.6858,18.178,97.9,139.444,25.4597,65.6,53
Arabia Saudita,Asia,Asia Occidental,2021,31328375,74.17,2.17,46587.15277,47.5392,18.064,100,145.004,33.7974,64.45,53
Sudán,África,África Septentrional,2010,35414399,67.44,5.14,4745.29754,4.6518,0.417,NA,51.09,0.03812,44.35,NA
Sudán,África,África Septentrional,2011,36140806,67.56,5.09,5047.33437,4.6296,0.396,NA,69.3293,0.04823,43.14,NA
Sudán,África,África Septentrional,2012,36923178,68.11,5.03,4711.0595,4.6076,0.393,NA,74.9085,0.06714,45.5,13
Sudán,África,África Septentrional,2013,37785849,68.33,4.97,4692.27753,4.5856,0.407,NA,73.1964,0.06803,NA,11
Sudán,África,África Septentrional,2014,38823318,68.72,4.91,4776.62019,4.5637,0.407,NA,71.5977,0.05322,41.39,11
Sudán,África,África Septentrional,2015,40024431,69.03,4.9,4718.91856,4.5086,0.499,NA,69.8036,0.07019,NA,12
Sudán,África,África Septentrional,2016,41259892,69.39,4.83,4733.01785,4.5221,0.491,14.1,67.3955,0.06393,NA,14
Sudán,África,África Septentrional,2017,42714306,69.79,4.76,4613.95002,4.4083,0.503,18.6,67.0598,0.07152,NA,16
Sudán,África,África Septentrional,2018,44230596,70.12,4.68,4349.21005,4.1554,0.504,24.6,68.0534,0.07088,NA,16
Sudán,África,África Septentrional,2019,45548175,70.49,4.62,4133.13048,3.9489,0.514,25.9,72.4819,0.07193,NA,16
Sudán,África,África Septentrional,2020,46789231,70.21,4.54,3874.80033,3.7021,0.504,26.4,75.2207,0.06151,NA,16
Sudán,África,África Septentrional,2021,48066924,69.84,4.46,3701.06909,3.5361,0.54,NA,71.7672,0.0633,NA,20
Senegal,África,África Subsahariana,2010,12635413,65.67,5.06,2830.03829,3.356,0.591,8,66.0344,0.62243,43.72,NA
Senegal,África,África Subsahariana,2011,12958897,65.95,5.1,2790.78406,3.3642,0.718,9.8,72.1733,0.71544,38.34,NA
Senegal,África,África Subsahariana,2012,13310495,66.21,5.13,2824.41813,3.6524,0.763,10.8,86.1775,0.71794,36.69,36
Senegal,África,África Subsahariana,2013,13710849,66.48,5.05,2815.16718,3.9654,0.725,13.1,95.7911,0.77846,36.47,41
Senegal,África,África Subsahariana,2014,14152102,66.76,4.88,2910.17066,4.3052,0.812,17.7,101.608,0.73037,43.95,43
Senegal,África,África Subsahariana,2015,14593331,66.98,4.75,3012.26102,4.6741,0.835,21.7,102.509,0.68943,46.17,44
Senegal,África,África Subsahariana,2016,15034521,67.27,4.65,3117.89768,5.0746,0.87,25.7,101.011,0.65418,45.95,45
Senegal,África,África Subsahariana,2017,15475002,67.53,4.49,3259.06021,5.5095,0.89,29.6,101.831,0.72242,46.83,45
Senegal,África,África Subsahariana,2018,15914498,68.05,4.29,3368.72177,5.9816,0.942,35.3,104.056,0.81573,47.69,45
Senegal,África,África Subsahariana,2019,16352922,68.47,4.1,3430.34455,6.091,0.957,43.4,109.342,0.92978,54.89,45
Senegal,África,África Subsahariana,2020,16789219,67.95,4,3384.30432,6.0092,0.933,53.3,113.638,1.05641,47.57,45
Senegal,África,África Subsahariana,2021,17220867,67.03,3.94,3511.63742,6.2351,0.998,57.3,115.325,1.20966,49.03,43
Singapur,Asia,Asia Sudoriental,2010,5077014,82.76,0.93,77656.79639,92.5305,21.657,71,145.452,26.362,65.31,NA
Singapur,Asia,Asia Sudoriental,2011,5182239,83.1,0.96,80781.22568,96.2533,41.578,71,150.404,27.1736,65.61,NA
Singapur,Asia,Asia Sudoriental,2012,5293340,83.26,1.03,82319.67362,98.0865,45.499,72,152.41,27.068,NA,87
Singapur,Asia,Asia Sudoriental,2013,5385588,83.54,0.95,84899.55503,101.1605,47.52,80.9,156.679,27.7296,65.33,86
Singapur,Asia,Asia Sudoriental,2014,5457900,83.84,1,87102.46344,103.7853,33.92,79,148.478,27.0067,70.62,84
Singapur,Asia,Asia Sudoriental,2015,5525340,84.14,0.98,88637.49165,105.6143,28.983,79,149.006,26.8979,66.2,85
Singapur,Asia,Asia Sudoriental,2016,5577930,84.41,0.94,90634.78543,108.0077,26.191,84.5,151.682,28.5393,60.33,84
Singapur,Asia,Asia Sudoriental,2017,5604078,84.66,0.94,94641.18156,112.8164,26.97,84.5,149.568,26.3326,63.78,84
Singapur,Asia,Asia Sudoriental,2018,5634369,84.71,0.95,97510.73055,116.3025,27.958,88.2,152.074,26.5087,63.75,85
Singapur,Asia,Asia Sudoriental,2019,5669563,84.85,0.94,97697.9452,116.5099,27.114,88.9,159.347,26.5276,63.78,85
Singapur,Asia,Asia Sudoriental,2020,5620150,83.94,0.94,94210.62097,112.3146,24.106,92,150.259,26.8623,NA,85
Singapur,Asia,Asia Sudoriental,2021,5546290,83.84,0.94,107741.1184,127.4986,24.929,96.9,157.978,27.5211,65.87,85
Islas Salomón,Oceanía,Melanesia,2010,532968,57.39,4.34,2337.45812,3.7721,0.354,5,21.6711,0.4732,NA,NA
Islas Salomón,Oceanía,Melanesia,2011,552945,57.64,4.34,2450.692,3.8961,0.339,6,49.7105,0.43946,NA,NA
Islas Salomón,Oceanía,Melanesia,2012,573606,57.87,4.33,2449.02056,4.0241,0.33,7,52.675,0.37168,NA,NA
Islas Salomón,Oceanía,Melanesia,2013,594945,58.03,4.33,2512.6718,4.1285,0.34,8,54.3084,0.31667,NA,NA
Islas Salomón,Oceanía,Melanesia,2014,616908,58.13,4.36,2478.66723,4.0726,0.331,9,61.0619,0.2164,NA,NA
Islas Salomón,Oceanía,Melanesia,2015,639415,58.44,4.29,2457.33756,4.0376,0.316,10,66.422,0.22208,NA,NA
Islas Salomón,Oceanía,Melanesia,2016,662379,58.65,4.2,2530.06614,4.1571,0.272,11,62.8903,0.24744,NA,42
Islas Salomón,Oceanía,Melanesia,2017,685672,58.84,4.06,2544.94196,4.1815,0.272,15.1,67.865,0.17005,NA,39
Islas Salomón,Oceanía,Melanesia,2018,709101,59.02,3.93,2552.89107,4.1946,0.273,20.9,67.9775,0.20984,NA,44
Islas Salomón,Oceanía,Melanesia,2019,728147,59.2,3.8,2536.9435,4.1684,0.283,26.3,65.662,0.14352,NA,42
Islas Salomón,Oceanía,Melanesia,2020,744498,59.05,3.75,2393.72284,3.9331,0.27,33.2,63.6671,0.13432,NA,42
Islas Salomón,Oceanía,Melanesia,2021,762591,59.17,3.69,2397.32282,3.8186,0.289,41.8,62.1565,0.13113,NA,43
Sierra Leona,África,África Subsahariana,2010,6222714,55.99,5.33,1401.31576,3.0884,0.09,0.58,32.1403,NA,41.34,NA
Sierra Leona,África,África Subsahariana,2011,6387251,56.65,5.21,1446.06279,3.189,0.113,0.9,33.4573,NA,45.02,NA
Sierra Leona,África,África Subsahariana,2012,6551080,57.35,5.06,1622.65041,3.2803,0.128,2.5,33.7349,NA,NA,31
Sierra Leona,África,África Subsahariana,2013,6714051,58.22,4.87,1914.96526,3.3743,0.151,4,59.5766,NA,45.14,30
Sierra Leona,África,África Subsahariana,2014,6876385,57.14,4.7,1952.97033,3.4709,0.163,6.06,69.1759,NA,45,31
Sierra Leona,África,África Subsahariana,2015,7037655,58.67,4.55,1515.83083,3.5704,0.126,6.34,80.3819,NA,49.09,29
Sierra Leona,África,África Subsahariana,2016,7205328,60.02,4.47,1573.50118,3.6726,0.127,11.8,87.1476,NA,47.33,30
Sierra Leona,África,África Subsahariana,2017,7379299,60.22,4.39,1593.51532,3.7778,0.139,13.2,89.7782,NA,40.9,30
Sierra Leona,África,África Subsahariana,2018,7554563,61.2,4.29,1610.32323,3.886,0.141,14.4,84.1233,NA,43.06,30
Sierra Leona,África,África Subsahariana,2019,7731991,61.78,4.19,1655.84325,3.9958,0.144,15.7,87.0384,0.00222,34.47,33
Sierra Leona,África,África Subsahariana,2020,7912558,61.27,4.08,1586.35494,3.8282,0.141,17.1,87.0035,0.00227,NA,33
Sierra Leona,África,África Subsahariana,2021,8094602,61.58,3.98,1614.85983,3.8969,0.151,18.7,101.637,0.00227,37.14,34
El Salvador,Américas,América Latina y el Caribe,2010,6068249,75.19,2.24,7367.31948,9.777,1.289,15.9,126.896,2.88838,67.4,NA
El Salvador,Américas,América Latina y el Caribe,2011,6090127,75.07,2.22,7616.28791,9.5452,1.358,18.9,136.551,3.38252,47.41,NA
El Salvador,Américas,América Latina y el Caribe,2012,6113975,74.5,2.19,7805.77542,9.8774,1.283,20.3,141.463,3.95978,59.34,38
El Salvador,Américas,América Latina y el Caribe,2013,6138839,74.27,2.15,7944.76943,10.8953,1.27,23.1,146.476,4.63325,63.25,38
El Salvador,Américas,América Latina y el Caribe,2014,6162955,73.48,2.13,8051.07943,10.6331,1.28,24.8,149.171,5.17471,58.57,39
El Salvador,Américas,América Latina y el Caribe,2015,6183676,73.4,2.07,8215.80583,10.9405,1.374,26.8,150.948,5.70859,60.18,39
El Salvador,Américas,América Latina y el Caribe,2016,6200800,75.21,1.97,8398.20373,11.0267,1.353,29,155.42,6.3751,61.4,36
El Salvador,Américas,América Latina y el Caribe,2017,6213533,75.41,1.9,8564.84183,11.071,1.245,33.8,152.539,7.26258,63.39,33
El Salvador,Américas,América Latina y el Caribe,2018,6219807,75.59,1.85,8757.92446,11.907,1.407,43.8,151.669,7.91447,62.41,35
El Salvador,Américas,América Latina y el Caribe,2019,6222318,75.72,1.84,8965.86088,12.9517,1.497,50.5,167.089,8.43878,64.55,34
El Salvador,Américas,América Latina y el Caribe,2020,6234673,74.15,1.82,8241.75382,12.9851,1.349,54.6,159.575,9.39905,54.62,36
El Salvador,Américas,América Latina y el Caribe,2021,6255782,73.83,1.8,9191.60405,13.0186,1.443,61.8,176.973,9.80538,64.31,34
San Marino,Europa,Europa Meridional,2010,30624,81.9,1.46,71156.09799,71.3934,NA,NA,99.8792,19.5664,NA,NA
San Marino,Europa,Europa Meridional,2011,32169,81.94,1.46,63458.81555,63.6705,NA,49.6,110.246,20.3239,NA,NA
San Marino,Europa,Europa Meridional,2012,33467,81.95,1.29,57854.31833,58.0473,NA,NA,107.569,29.5874,NA,NA
San Marino,Europa,Europa Meridional,2013,33620,81.96,1.48,57136.90454,57.3275,NA,NA,109.399,30.4313,NA,NA
San Marino,Europa,Europa Meridional,2014,33725,81.96,1.26,56558.87186,56.7475,NA,NA,111.49,34.6924,NA,NA
San Marino,Europa,Europa Meridional,2015,33901,81.97,1.2,57542.98408,57.7349,NA,NA,108.032,34.3382,NA,NA
San Marino,Europa,Europa Meridional,2016,34161,81.98,1.13,58432.50237,58.6274,NA,NA,107.052,35.1278,NA,NA
San Marino,Europa,Europa Meridional,2017,34378,82.03,1.05,58201.5271,58.3957,NA,60.2,110.536,30.5428,NA,NA
San Marino,Europa,Europa Meridional,2018,34529,82.09,1.08,58898.05808,59.0945,NA,NA,111.5,31.446,NA,NA
San Marino,Europa,Europa Meridional,2019,34653,82.17,1.1,60076.01135,60.2764,NA,67.9,111.823,31.977,NA,NA
San Marino,Europa,Europa Meridional,2020,34769,78.81,1.11,56364.21416,56.5522,NA,78,112.169,31.6374,NA,NA
San Marino,Europa,Europa Meridional,2021,34572,80.09,1.13,61609.01218,61.8145,NA,81.7,115.701,34.7102,NA,NA
Somalia,África,África Subsahariana,2010,12261756,53.85,7.32,983.94874,2.0947,0.051,NA,5.28636,NA,NA,NA
Somalia,África,África Subsahariana,2011,12348830,54.26,7.27,1033.47448,2.0947,0.049,1.25,14.5763,NA,NA,NA
Somalia,África,África Subsahariana,2012,12461160,55.53,7.21,1082.84977,2.1015,0.048,1.38,18.4574,0.321,NA,8
Somalia,África,África Subsahariana,2013,12869594,56.16,7.14,1019.73512,2.1598,0.048,1.5,40.2732,0.46621,NA,8
Somalia,África,África Subsahariana,2014,13339491,56.59,7.06,1058.85492,2.2483,0.047,1.63,41.231,0.52476,55.28,8
Somalia,África,África Subsahariana,2015,13806963,56.97,6.98,1125.72017,2.5012,0.046,1.76,42.2685,0.5939,53.54,8
Somalia,África,África Subsahariana,2016,14348740,57.18,6.88,1153.64137,2.6141,0.046,1.88,46.3667,0.64117,46.68,10
Somalia,África,África Subsahariana,2017,14916629,57.35,6.77,1214.75986,2.5727,0.047,2,47.7253,0.65699,NA,9
Somalia,África,África Subsahariana,2018,15452487,57.89,6.66,1206.67419,2.6683,0.047,NA,49.5263,NA,NA,10
Somalia,África,África Subsahariana,2019,16030971,58.52,6.56,1205.86461,2.7649,0.048,NA,51.3194,0.61132,NA,9
Somalia,África,África Subsahariana,2020,16651191,57.38,6.45,1135.47355,2.7386,0.047,15,53.1133,0.71466,NA,12
Somalia,África,África Subsahariana,2021,17271431,56.68,6.35,1136.73599,2.7612,0.05,NA,51.2059,0.689,NA,13
Serbia,Europa,Europa Meridional,2010,7395864,74.06,1.4,14487.278,13.4461,5.086,40.9,136.015,11.7957,44.61,NA
Serbia,Europa,Europa Meridional,2011,7364859,74.33,1.4,14899.44245,13.8211,5.466,42.2,141.043,13.4423,48.15,NA
Serbia,Europa,Europa Meridional,2012,7324623,74.79,1.44,14869.8851,14.2065,4.895,48.1,127.199,14.8105,51.55,39
Serbia,Europa,Europa Meridional,2013,7276180,74.89,1.43,15374.64685,13.1727,4.999,53.5,128.668,16.4164,51.02,42
Serbia,Europa,Europa Meridional,2014,7227203,74.98,1.46,15201.46724,13.1124,4.183,62.1,131.353,16.7418,51.13,41
Serbia,Europa,Europa Meridional,2015,7177253,75.07,1.46,15552.77556,14.2461,4.932,65.3,129.384,18.6569,53.18,40
Serbia,Europa,Europa Meridional,2016,7126083,75.48,1.46,16156.40752,13.7534,5.091,67.1,129.177,20.6094,57.53,42
Serbia,Europa,Europa Meridional,2017,7073507,75.58,1.48,16583.90378,13.8365,5.174,70.3,123.143,21.1493,51.22,41
Serbia,Europa,Europa Meridional,2018,7020019,75.62,1.49,17424.30884,16.0388,5.167,73.4,121.075,22.2891,59.36,39
Serbia,Europa,Europa Meridional,2019,6966153,75.68,1.51,18276.89669,16.5688,5.103,77.4,122.048,23.4425,62.41,39
Serbia,Europa,Europa Meridional,2020,6907812,74.4,1.49,18232.86327,19.2293,4.868,78.4,120.217,25.1835,60.42,38
Serbia,Europa,Europa Meridional,2021,6835430,73.2,1.52,19827.75685,20.8771,5.16,81.2,125.076,26.4794,62.45,38
Sudán del Sur,África,África Subsahariana,2010,9745953,60.58,5.32,1056.005,4.0067,0.14,NA,15.391,2e-5,NA,NA
Sudán del Sur,África,África Subsahariana,2011,10288109,60.55,5.19,1056.005,3.6119,0.133,NA,17.4959,4e-5,NA,NA
Sudán del Sur,África,África Subsahariana,2012,10756240,61.08,5.06,506.719,3.2559,0.132,NA,21.3829,1.6e-4,NA,NA
Sudán del Sur,África,África Subsahariana,2013,11166275,60.81,4.94,624.185,2.9351,0.14,2.2,25.5522,9e-4,NA,14
Sudán del Sur,África,África Subsahariana,2014,11235073,60.92,4.82,614.464,2.6459,0.146,2.6,25.5993,8.9e-4,38.32,15
Sudán del Sur,África,África Subsahariana,2015,11107561,61.64,4.7,594.925,2.3851,0.181,3,26.0993,0.00135,40.71,15
Sudán del Sur,África,África Subsahariana,2016,10830102,62.05,4.58,501.106,2.1501,0.159,3.5,24.9305,0.00139,28.88,11
Sudán del Sur,África,África Subsahariana,2017,10259154,62.3,4.48,458.77,1.9684,0.167,4.1,27.1848,0.00195,28.17,12
Sudán del Sur,África,África Subsahariana,2018,10122977,62.98,4.37,435.412,1.8682,0.171,4.8,18.9298,0.00198,NA,13
Sudán del Sur,África,África Subsahariana,2019,10423384,63.74,4.26,425.937,1.8276,0.174,6.7,21.3171,0.00192,NA,12
Sudán del Sur,África,África Subsahariana,2020,10698467,63.25,4.16,386.677,1.6591,0.171,9.27,NA,NA,NA,12
Sudán del Sur,África,África Subsahariana,2021,10865780,62.67,4.05,395.805,1.6983,0.183,NA,30.151,0.00184,NA,11
Santo Tomé y Príncipe,África,África Subsahariana,2010,181802,68.99,4.77,3462.26642,3.8277,0.549,18.8,56.5065,0.32178,NA,NA
Santo Tomé y Príncipe,África,África Subsahariana,2011,185649,69.25,4.72,3457.34889,4.0272,0.556,20.2,61.9653,0.39699,NA,NA
Santo Tomé y Príncipe,África,África Subsahariana,2012,189439,69.25,4.66,3486.3864,4.237,0.603,21.6,64.4915,0.41069,NA,42
Santo Tomé y Príncipe,África,África Subsahariana,2013,193148,69.44,4.58,3592.37845,4.4577,0.592,23,64.8875,0.50635,NA,42
Santo Tomé y Príncipe,África,África Subsahariana,2014,196767,69.76,4.49,3697.26158,4.69,0.581,24.4,65.3057,0.55904,NA,42
Santo Tomé y Príncipe,África,África Subsahariana,2015,200291,69.99,4.35,3686.48631,4.9343,0.57,25.8,92.3511,0.65604,NA,42
Santo Tomé y Príncipe,África,África Subsahariana,2016,203689,70.22,4.2,3810.8602,5.1914,0.595,28,87.4112,0.6996,NA,46
Santo Tomé y Príncipe,África,África Subsahariana,2017,206970,70.44,4.07,3902.67963,5.4619,0.583,32.6,84.0523,0.7146,NA,46
Santo Tomé y Príncipe,África,África Subsahariana,2018,210187,70.68,3.98,4009.78442,5.5347,0.587,38,77.3644,0.74077,NA,46
Santo Tomé y Príncipe,África,África Subsahariana,2019,213392,70.93,3.9,4028.50948,5.5713,0.599,44.3,77.6791,0.76948,NA,46
Santo Tomé y Príncipe,África,África Subsahariana,2020,217435,70.17,3.83,4057.82258,5.6337,0.587,51.6,80.1173,1.15529,NA,47
Santo Tomé y Príncipe,África,África Subsahariana,2021,221961,69.97,3.76,4052.12336,5.6246,0.628,61.5,85.2578,1.54216,NA,45
Suriname,Américas,América Latina y el Caribe,2010,549923,72.29,2.69,18200.57095,18.4477,4.531,31.6,94.7707,2.75366,NA,NA
Suriname,Américas,América Latina y el Caribe,2011,556269,72.79,2.67,19053.53756,19.3122,3.357,32,95.9108,4.16345,NA,NA
Suriname,Américas,América Latina y el Caribe,2012,562633,73.13,2.67,19357.02458,19.6198,4.164,34.7,101.144,5.20197,62.69,37
Suriname,Américas,América Latina y el Caribe,2013,569020,72.95,2.65,19718.65947,19.9864,3.827,37.4,152.648,6.5191,NA,36
Suriname,Américas,América Latina y el Caribe,2014,575373,72.68,2.62,19570.02591,19.8357,4.03,40.1,161.252,8.06433,NA,36
Suriname,Américas,América Latina y el Caribe,2015,581627,72.45,2.57,18711.81529,18.9662,3.055,42.8,129.027,9.05924,NA,36
Suriname,Américas,América Latina y el Caribe,2016,587757,72.44,2.5,17609.82464,17.8485,3.05,45.4,137.281,12.1167,NA,45
Suriname,Américas,América Latina y el Caribe,2017,593713,72.5,2.43,17699.73134,17.9398,3.023,48.9,134.05,11.9952,NA,41
Suriname,Américas,América Latina y el Caribe,2018,599513,72.58,2.38,18382.95925,18.6323,3.105,55.1,125.48,12.2059,NA,43
Suriname,Américas,América Latina y el Caribe,2019,605768,72.71,2.35,18393.55954,18.6433,3.17,62,134.349,13.2741,NA,44
Suriname,Américas,América Latina y el Caribe,2020,612317,73.03,2.31,15282.94974,15.4904,3.107,69.8,146.875,15.069,NA,38
Suriname,Américas,América Latina y el Caribe,2021,617896,70.73,2.3,14766.748,14.9221,3.325,76.6,146.654,19.9,NA,39
Eslovaquia,Europa,Europa Oriental,2010,5391851,75.82,1.43,25650.82746,23.6854,9.42,75.7,109.888,16.2644,60.52,NA
Eslovaquia,Europa,Europa Oriental,2011,5398109,76.01,1.45,26302.14228,24.5812,9.026,74.4,110.836,17.6561,59.45,NA
Eslovaquia,Europa,Europa Oriental,2012,5404871,76.35,1.39,26603.70177,22.5561,7.964,76.7,112.759,19.3435,59.11,46
Eslovaquia,Europa,Europa Oriental,2013,5410422,76.69,1.4,26743.28079,23.1453,7.936,77.9,114.749,20.4986,59.37,47
Eslovaquia,Europa,Europa Oriental,2014,5415230,76.92,1.42,27437.95763,22.5674,7.268,80,117.781,21.9975,61.39,50
Eslovaquia,Europa,Europa Oriental,2015,5420278,76.8,1.4,28828.31704,23.0398,7.397,77.6,123.159,23.5009,61.62,51
Eslovaquia,Europa,Europa Oriental,2016,5427259,77.3,1.48,29350.86114,23.3041,7.46,80.5,128.792,24.6264,59.93,51
Eslovaquia,Europa,Europa Oriental,2017,5435700,77.4,1.52,30166.3614,24.0375,7.496,81.6,130.945,25.8591,63.66,50
Eslovaquia,Europa,Europa Oriental,2018,5443232,77.5,1.55,31338.74653,25.3957,7.717,80.4,133.04,27.6954,62.35,50
Eslovaquia,Europa,Europa Oriental,2019,5450626,77.57,1.57,32082.297,26.0436,7.361,82.9,135.756,29.1811,62.43,50
Eslovaquia,Europa,Europa Oriental,2020,5455024,76.89,1.59,30987.45613,25.1532,6.824,89.9,133.633,31.1925,65.19,49
Eslovaquia,Europa,Europa Oriental,2021,5442759,74.8,1.63,32534.95381,26.4325,7.442,88.9,135.268,32.6061,64.19,52
Eslovenia,Europa,Europa Meridional,2010,2044612,79.69,1.58,33294.17001,39.0375,9.64,70,103.783,23.013,60.83,NA
Eslovenia,Europa,Europa Meridional,2011,2048804,80.03,1.57,33511.25574,38.7041,10.309,67.3,105.845,24.1298,60.36,NA
Eslovenia,Europa,Europa Meridional,2012,2053321,80.15,1.59,32558.29448,37.1066,9.101,68.4,109.148,24.8055,60.63,61
Eslovenia,Europa,Europa Meridional,2013,2056441,80.5,1.55,32179.47192,36.9078,8.676,72.7,111.045,25.5111,59.75,57
Eslovenia,Europa,Europa Meridional,2014,2058401,81.29,1.58,33037.74158,37.816,8.446,71.6,113.019,27.0023,56.78,58
Eslovenia,Europa,Europa Meridional,2015,2059947,81.03,1.58,33742.52186,37.9581,8.428,73.1,114.271,27.6233,57.41,60
Eslovenia,Europa,Europa Meridional,2016,2061373,81.29,1.59,34794.05579,39.1013,8.736,75.5,115.736,28.5889,59.37,61
Eslovenia,Europa,Europa Meridional,2017,2062410,81.31,1.62,36445.76656,40.0176,9.417,78.9,118.462,29.1804,61.67,61
Eslovenia,Europa,Europa Meridional,2018,2069481,81.36,1.61,37931.41129,42.5372,10.005,79.8,119.153,29.6086,62.49,60
Eslovenia,Europa,Europa Meridional,2019,2083439,81.41,1.61,38995.14098,43.4498,9.691,83.1,120.569,30.1395,66.65,60
Eslovenia,Europa,Europa Meridional,2020,2102419,80.25,1.59,37092.14226,45.5951,8.851,86.6,121.331,30.993,64.62,60
Eslovenia,Europa,Europa Meridional,2021,2113494,80.49,1.64,40036.48544,49.2065,8.55,89,123.363,31.5503,67.61,57
Suecia,Europa,Europa Septentrional,2010,9378232,81.86,1.97,47448.65773,49.062,9.149,90,117.212,31.984,74.96,NA
Suecia,Europa,Europa Septentrional,2011,9449259,81.99,1.9,48596.43531,49.5726,8.869,92.8,121.219,32.0391,73.82,NA
Suecia,Europa,Europa Septentrional,2012,9519487,82.11,1.9,47954.47527,50.7347,8.081,93.2,124.465,32.283,75.6,88
Suecia,Europa,Europa Septentrional,2013,9600620,82.26,1.89,48114.63596,52.0602,7.657,94.8,125.142,32.7855,74.34,89
Suecia,Europa,Europa Septentrional,2014,9696433,82.46,1.88,48905.75798,53.2939,7.475,92.5,126.98,33.8414,72.39,87
Suecia,Europa,Europa Septentrional,2015,9799481,82.55,1.85,50563.74939,55.1366,7.235,90.6,128.974,35.6778,72.89,89
Suecia,Europa,Europa Septentrional,2016,9923280,82.62,1.85,50966.31081,56.0013,7.13,89.7,126.402,37.0822,73.69,88
Suecia,Europa,Europa Septentrional,2017,10057862,82.68,1.79,51575.43344,55.9646,7.175,93,124.473,38.3266,72.87,84
Suecia,Europa,Europa Septentrional,2018,10175405,82.73,1.75,51973.89361,56.5866,7.125,89.2,124.086,38.7413,73.75,85
Suecia,Europa,Europa Septentrional,2019,10279125,82.83,1.71,52471.57568,57.7012,6.671,94.5,125.457,39.2906,73.98,85
Suecia,Europa,Europa Septentrional,2020,10353686,82.21,1.67,50963.18359,58.8076,5.904,94.5,123.549,40.368,73.14,85
Suecia,Europa,Europa Septentrional,2021,10416131,82.76,1.67,53771.98133,61.6038,6.016,94.7,124.961,40.8351,74.39,85
Eswatini,África,África Subsahariana,2010,1111650,47.98,3.38,7038.63029,3.9558,0.995,11,65.2905,0.32906,NA,NA
Eswatini,África,África Subsahariana,2011,1117833,49.78,3.32,7161.31433,4.1957,1.002,18.1,68.5737,0.71782,48.67,NA
Eswatini,África,África Subsahariana,2012,1123863,50.88,3.27,7506.54245,4.4502,1.145,20.8,71.6279,0.30511,NA,37
Eswatini,África,África Subsahariana,2013,1129990,52.13,3.24,7748.45689,4.7202,1.404,24.7,79.0272,0.37168,NA,39
Eswatini,África,África Subsahariana,2014,1136299,53.53,3.18,7767.58027,5.0065,0.824,25,80.683,0.44883,NA,43
Eswatini,África,África Subsahariana,2015,1142813,54.88,3.12,7884.08291,5.3102,0.89,25.6,82.3407,0.52502,NA,NA
Eswatini,África,África Subsahariana,2016,1149507,56.06,3.07,7907.96804,5.6323,1.037,28.6,86.5588,0.60896,NA,NA
Eswatini,África,África Subsahariana,2017,1158195,57.03,3.02,8006.10175,5.7022,1.078,35.3,88.713,1.34192,NA,39
Eswatini,África,África Subsahariana,2018,1168929,57.8,2.97,8132.81492,5.7925,1.056,39.4,89.2004,1.87103,42.12,38
Eswatini,África,África Subsahariana,2019,1179874,58.26,2.93,8286.17738,5.9017,1.078,43.9,91.0519,2.04369,43.96,34
Eswatini,África,África Subsahariana,2020,1192729,57.43,2.89,8080.65534,5.7553,1.057,49,104.747,2.29004,NA,33
Eswatini,África,África Subsahariana,2021,1206593,54.91,2.84,8856.82897,6.1485,1.131,54,118.627,2.55281,NA,32
Seychelles,África,África Subsahariana,2010,94971,73.21,2.2,20016.88729,21.4384,4.861,41,123.814,7.15271,NA,NA
Seychelles,África,África Subsahariana,2011,97024,73.42,2.37,22504.30334,22.299,3.552,43.2,130.477,9.70069,NA,NA
Seychelles,África,África Subsahariana,2012,99543,73.4,2.41,22977.82274,23.194,4.554,47.1,137.107,10.6256,NA,52
Seychelles,África,África Subsahariana,2013,102093,73.49,2.18,22840.15495,24.1251,3.534,50.4,133.986,12.1566,NA,54
Seychelles,África,África Subsahariana,2014,104654,73.5,2.16,23401.47744,23.7382,5.177,51.3,144.606,11.301,NA,55
Seychelles,África,África Subsahariana,2015,107230,73.41,2.22,24925.45783,23.3574,5.173,54.3,138.249,12.5152,NA,55
Seychelles,África,África Subsahariana,2016,109821,73.31,2.3,27574.48315,22.9828,6.322,56.5,138.277,12.7799,NA,NA
Seychelles,África,África Subsahariana,2017,112427,73.42,2.31,29133.26505,22.6142,6.61,62.6,148.792,13.5386,NA,60
Seychelles,África,África Subsahariana,2018,115040,73.51,2.29,30281.93344,22.2516,6.754,69.2,155.551,17.1149,NA,66
Seychelles,África,África Subsahariana,2019,117650,73.56,2.26,31669.3157,23.1305,6.896,76.6,164.617,22.9273,NA,66
Seychelles,África,África Subsahariana,2020,120291,72.93,2.23,27713.77464,20.9502,6.76,84.8,152.545,29.0678,NA,66
Seychelles,África,África Subsahariana,2021,122987,70.71,2.2,27643.35453,21.9045,7.233,87.3,149.479,33.5645,NA,70
República Árabe Siria,Asia,Asia Occidental,2010,22482421,74.71,3.36,7167.04549,11.003,2.845,20.7,52.0229,0.31054,44.65,NA
República Árabe Siria,Asia,Asia Occidental,2011,22878098,72.8,3.29,7243.80613,11.6615,2.665,22.5,56.4601,0.5302,40.38,NA
República Árabe Siria,Asia,Asia Occidental,2012,22759763,65.75,3.22,5365.40083,8.8602,2.144,24.3,57.0305,1.06396,31.64,26
República Árabe Siria,Asia,Asia Occidental,2013,21666917,66.38,3.17,4158.44252,6.8169,1.831,26.2,56.7277,1.59758,26.88,17
República Árabe Siria,Asia,Asia Occidental,2014,20273659,63.58,3.12,3994.21511,6.085,1.611,28.1,69.2512,2.47214,NA,20
República Árabe Siria,Asia,Asia Occidental,2015,19424618,65.47,3.07,4000.05435,5.9382,1.595,30,73.6811,3.75431,34.62,18
República Árabe Siria,Asia,Asia Occidental,2016,19193834,64.33,3.01,3791.38964,5.8755,1.634,31.9,69.5529,5.2601,NA,13
República Árabe Siria,Asia,Asia Occidental,2017,19224668,68.28,2.97,3760.17596,5.9125,1.658,32.7,80.0326,7.40231,NA,14
República Árabe Siria,Asia,Asia Occidental,2018,19577845,73.17,2.93,3743.52403,6.1262,1.67,33.8,87.4952,6.78669,NA,13
República Árabe Siria,Asia,Asia Occidental,2019,20353534,73.88,2.88,3645.0322,6.3732,1.712,34.7,87.1297,7.33617,NA,13
República Árabe Siria,Asia,Asia Occidental,2020,21049429,74.21,2.84,3520.2727,3.0438,1.697,NA,79.1482,7.35459,NA,14
República Árabe Siria,Asia,Asia Occidental,2021,21628839,74.13,2.8,3473.7554,3.0834,1.816,NA,78.5558,7.28563,NA,13
Chad,África,África Subsahariana,2010,12312575,56.5,6.99,1740.51135,3.6174,0.083,1.7,23.3526,0.00269,37.43,NA
Chad,África,África Subsahariana,2011,12754997,56.85,6.95,1682.1333,3.8113,0.066,1.9,28.739,0.12387,43.93,NA
Chad,África,África Subsahariana,2012,13210998,57.31,6.91,1768.7734599999999,3.8115,0.071,2.1,33.3229,0.14726,40.33,19
Chad,África,África Subsahariana,2013,13691079,57.76,6.84,1804.26061,3.8118,0.071,2.5,33.3154,0.10729,35.08,19
Chad,África,África Subsahariana,2014,14188678,58.26,6.78,1861.11265,3.812,0.072,2.9,37.0123,0.0714,34.6,22
Chad,África,África Subsahariana,2015,14647621,58.75,6.71,1852.68174,3.8123,0.069,3.5,37.3153,0.0774,43.23,22
Chad,África,África Subsahariana,2016,15114655,59.25,6.62,1682.95338,3.8125,0.068,5.8,36.9556,0.03391,40.29,20
Chad,África,África Subsahariana,2017,15622759,59.53,6.54,1579.26822,3.8128,0.066,6.4,40.7649,0.00212,45.59,20
Chad,África,África Subsahariana,2018,16156531,59.91,6.46,1563.05661,3.813,0.066,7,43.2279,0.00207,44.86,19
Chad,África,África Subsahariana,2019,16685223,60.38,6.41,1561.50983,3.8093,0.067,7.6,45.9379,4.1e-4,42.51,20
Chad,África,África Subsahariana,2020,17224679,59.84,6.35,1488.72256,3.6317,0.066,8.34,50.4343,NA,NA,21
Chad,África,África Subsahariana,2021,17828273,59.55,6.26,1425.49451,3.4764,0.07,13.1,58.0323,NA,NA,20
Togo,África,África Subsahariana,2010,6732590,59.5,5.09,1644.83122,2.6372,0.269,3,38.652,0.40438,NA,NA
Togo,África,África Subsahariana,2011,6916474,60.23,4.98,1695.00934,2.6622,0.253,3.5,38.9698,0.49214,29.36,NA
Togo,África,África Subsahariana,2012,7100736,60.81,4.85,1755.54672,2.6788,0.29,4,46.6464,0.58435,NA,30
Togo,África,África Subsahariana,2013,7285442,61.33,4.75,1810.84284,2.6954,0.201,4.5,58.5139,0.09492,NA,29
Togo,África,África Subsahariana,2014,7472450,61.82,4.7,1865.04525,2.7121,0.217,5.7,60.4369,0.16875,28.39,29
Togo,África,África Subsahariana,2015,7663195,62.38,4.66,1918.37325,2.729,0.284,7.12,63.3575,0.8622,37.68,32
Togo,África,África Subsahariana,2016,7858289,63.04,4.63,1950.13945,3.2354,0.312,11.3,70.0588,0.62053,38.79,32
Togo,África,África Subsahariana,2017,8057140,63.76,4.58,1978.85622,3.8358,0.267,12.4,75.3357,0.62739,43.61,32
Togo,África,África Subsahariana,2018,8258778,64.45,4.51,2023.7769,4.5477,0.982,15.5,74.3997,0.31671,40.23,30
Togo,África,África Subsahariana,2019,8463068,65.03,4.45,2072.80979,4.6579,0.957,20.7,73.7225,0.37692,41.79,29
Togo,África,África Subsahariana,2020,8669720,65.17,4.39,2064.15016,4.6377,0.831,29,75.164,0.60793,NA,29
Togo,África,África Subsahariana,2021,8878379,65.8,4.32,2136.62619,4.8005,0.889,30.3,70.449700000000007,0.74933,40.37,30
Tailandia,Asia,Asia Sudoriental,2010,68579447,77,1.56,14159.05585,13.7677,3.793,22.4,104.589,4.7417299999999996,62.17,NA
Tailandia,Asia,Asia Sudoriental,2011,69007208,77.36,1.57,14186.09217,13.9743,3.786,23.7,112.233,5.64434,66.64,NA
Tailandia,Asia,Asia Sudoriental,2012,69436098,77.73,1.56,15115.84929,15.0649,3.881,26.5,122.432,6.50814,63,37
Tailandia,Asia,Asia Sudoriental,2013,69845114,78.03,1.53,15428.03825,15.3042,4.038,28.9,134.367,7.43359,62.31,35
Tailandia,Asia,Asia Sudoriental,2014,70216367,78.13,1.48,15494.77721,15.2777,3.711,34.9,138.281,7.74748,69.85,38
Tailandia,Asia,Asia Sudoriental,2015,70540795,78.19,1.45,15904.58502,15.9913,3.691,39.3,145.933,8.83035,62.02,38
Tailandia,Asia,Asia Sudoriental,2016,70859841,78.05,1.4,16378.08972,16.0053,3.62,47.5,168.881,10.1877,60.74,35
Tailandia,Asia,Asia Sudoriental,2017,71160187,78.22,1.36,16992.2425,16.2533,3.7,52.9,170.784,11.5345,59.39,37
Tailandia,Asia,Asia Sudoriental,2018,71376079,78.29,1.32,17652.63575,15.992,3.759,56.8,175.266,12.8741,60.12,36
Tailandia,Asia,Asia Sudoriental,2019,71522271,78.42,1.29,17980.41854,16.0433,3.848,66.7,181.222,14.1338,60.22,36
Tailandia,Asia,Asia Sudoriental,2020,71641484,78.72,1.26,16852.91449,16.3886,3.822,77.8,162.328,16.0218,58.85,36
Tailandia,Asia,Asia Sudoriental,2021,71727332,78.16,1.23,17087.21095,16.6216,3.843,85.3,168.485,17.3169,56.38,35
Tayikistán,Asia,Asia Central,2010,7652141,68,3.46,2359.99629,5.715,1.041,11.6,77.6363,0.06142,43.81,NA
Tayikistán,Asia,Asia Central,2011,7824785,68.14,3.46,2481.55232,5.8674,0.987,13,80.8201,0.06416,42.63,NA
Tayikistán,Asia,Asia Central,2012,8014084,68.32,3.42,2610.14594,6.0238,0.826,14.5,81.4566,0.06738,44.97,22
Tayikistán,Asia,Asia Central,2013,8216724,68.61,3.43,2741.203,6.1844,1.448,16,91.7288,0.07059,49.67,22
Tayikistán,Asia,Asia Central,2014,8425552,68.59,3.46,2858.21281,6.3492,2.376,17.5,94.9386,0.0724,48.96,23
Tayikistán,Asia,Asia Central,2015,8643840,68.6,3.46,2959.97072,6.5185,1.044,19,98.2087,0.06941,51.24,26
Tayikistán,Asia,Asia Central,2016,8865631,68.56,3.38,3091.22422,6.8075,1.602,20.5,106.027,0.06768,51.04,25
Tayikistán,Asia,Asia Central,2017,9085946,68.75,3.29,3236.43935,7.1273,1.756,22,109.004,0.06604,58.29,21
Tayikistán,Asia,Asia Central,2018,9307333,69.24,3.29,3405.11355,7.4988,1.468,NA,107.442,NA,54.97,25
Tayikistán,Asia,Asia Central,2019,9529966,69.56,3.28,3575.28193,7.8735,1.475,NA,115.373,0.06296,54.64,25
Tayikistán,Asia,Asia Central,2020,9749310,66.74,3.21,3651.94267,8.0424,1.347,27.5,118.819,0.06154,53.73,25
Tayikistán,Asia,Asia Central,2021,9966908,70.28,3.17,3910.46272,8.6117,1.441,49.8,116.225,0.0602,52.87,25
Turkmenistán,Asia,Asia Central,2010,5564356,69.47,2.85,14716.189,7.0873,11.235,3,57.4662,0.01299,NA,NA
Turkmenistán,Asia,Asia Central,2011,5683417,69.62,2.9,16292.081,7.9883,12.028,5,93.2538,0.01935,57.92,NA
Turkmenistán,Asia,Asia Central,2012,5808546,69.85,2.96,17153.447,8.7159,12.26,7.2,101.574,0.0241,54.64,17
Turkmenistán,Asia,Asia Central,2013,5939341,69.83,3.01,16545.224,9.4297,12.379,9.6,103.131,0.03031,53.92,17
Turkmenistán,Asia,Asia Central,2014,6075283,69.87,3.02,16829.676,10.2117,12.456,12.2,118.613,0.03786,57.87,17
Turkmenistán,Asia,Asia Central,2015,6215770,69.99,3.03,16885.134,10.6807,12.63,15,126.163,0.45369,57.91,18
Turkmenistán,Asia,Asia Central,2016,6360041,70.25,2.99,16513.888,11.1455,12.401,18,134.826,0.73437,58.87,22
Turkmenistán,Asia,Asia Central,2017,6507061,70.52,2.93,16585.413,11.6714,12.713,21.3,NA,1.15619,52.29,19
Turkmenistán,Asia,Asia Central,2018,6655524,70.6,2.88,16604.968,12.1974,13.666,NA,87.773,1.71364,46.21,20
Turkmenistán,Asia,Asia Central,2019,6803944,70.81,2.83,15753.677,12.7693,13.497,NA,88.2099,2.59674,54.74,19
Turkmenistán,Asia,Asia Central,2020,6949912,70.49,2.79,15193.362,12.1536,12.876,NA,88.703,3.40423,NA,19
Turkmenistán,Asia,Asia Central,2021,7092043,71.08,2.75,14923.747,12.5272,15.23,NA,88.1929,4.08263,NA,19
Timor-Leste,Asia,Asia Sudoriental,2010,1084679,70,4.82,2910.9709,3.0509,0.215,3,43.6092,0.0461,NA,NA
Timor-Leste,Asia,Asia Sudoriental,2011,1110207,70.17,4.61,3016.55242,3.1406,0.221,4,55.318600000000004,0.04954,NA,NA
Timor-Leste,Asia,Asia Sudoriental,2012,1134885,70.32,4.4,3094.50015,3.2329,0.259,7,54.7192,0.05287,NA,33
Timor-Leste,Asia,Asia Sudoriental,2013,1158695,70.37,4.21,3124.97383,3.328,0.385,11,56.0976,0.06041,NA,30
Timor-Leste,Asia,Asia Sudoriental,2014,1181903,70.3,4,3200.60517,3.4259,0.437,17.5,116.401,0.08698,NA,28
Timor-Leste,Asia,Asia Sudoriental,2015,1205131,70.31,3.78,3232.88122,3.4593,0.42,18.6,114.234,0.0853,NA,28
Timor-Leste,Asia,Asia Sudoriental,2016,1228312,70.36,3.58,3290.6052,3.5215,0.406,21.2,121.478,NA,NA,35
Timor-Leste,Asia,Asia Sudoriental,2017,1251703,70.45,3.4,3139.26012,3.3626,0.409,24.2,124.36,0.26732,NA,38
Timor-Leste,Asia,Asia Sudoriental,2018,1275959,70.51,3.24,3071.53348,3.2901,0.412,27.6,115.089,0.00549,NA,35
Timor-Leste,Asia,Asia Sudoriental,2019,1300945,70.6,3.12,3735.59822,4.0047,0.422,28,109.555,0.00684,NA,38
Timor-Leste,Asia,Asia Sudoriental,2020,1326053,70.82,3.01,4855.40716,5.2034,0.422,32,103.911,0.00626,NA,40
Timor-Leste,Asia,Asia Sudoriental,2021,1350139,70.06,2.89,5032.41022,5.3918,0.452,35,102.669,0.01015,NA,41
Tonga,Oceanía,Polinesia,2010,107400,72.21,3.88,5002.719,10.2042,1.129,16,50.5587,1.02421,NA,NA
Tonga,Oceanía,Polinesia,2011,107570,72.3,3.83,5332.49603,9.8264,0.991,25,51.1295,1.20852,NA,NA
Tonga,Oceanía,Polinesia,2012,107460,72.38,3.77,5381.83925,9.4627,1.035,30,52.1124,1.39587,NA,NA
Tonga,Oceanía,Polinesia,2013,107078,72.45,3.7,5419.46761,9.1124,1.117,32.8,53.6992,1.58763,NA,NA
Tonga,Oceanía,Polinesia,2014,106609,72.49,3.62,5552.87834,8.7751,1.125,36,63.7845,1.68841,NA,NA
Tonga,Oceanía,Polinesia,2015,106095,72.59,3.54,5644.63293,8.4502,1.201,38.7,69.2709,2.31679,NA,NA
Tonga,Oceanía,Polinesia,2016,105524,72.67,3.46,6039.15848,9.0409,1.269,40,75.8121,2.84296,NA,NA
Tonga,Oceanía,Polinesia,2017,105356,72.77,3.39,6257.08973,9.3671,1.292,46.2,102.451,2.84749,NA,NA
Tonga,Oceanía,Polinesia,2018,105567,72.87,3.33,6287.9908,9.4134,1.312,NA,102.246,2.38616,NA,NA
Tonga,Oceanía,Polinesia,2019,105669,72.98,3.27,6344.42145,9.4979,1.364,NA,58.7722,3.50434,NA,NA
Tonga,Oceanía,Polinesia,2020,105704,73.03,3.23,6357.06991,9.5168,1.3,NA,58.6544,4.73019,NA,NA
Tonga,Oceanía,Polinesia,2021,105490,73.09,3.2,6142.96354,9.1963,1.391,57.5,60.9802,6.45748,NA,NA
Trinidad y Tabago,Américas,América Latina y el Caribe,2010,1386654,73.73,1.61,27594.85348,28.0991,17.53,48.5,136.605,11.7441,NA,NA
Trinidad y Tabago,Américas,América Latina y el Caribe,2011,1394983,74.45,1.61,27325.21925,27.8245,13.118,55.2,130.912,12.3527,65.19,NA
Trinidad y Tabago,Américas,América Latina y el Caribe,2012,1403809,75.09,1.61,29147.49043,29.449,10.42,57.5,134.184,14.3474,NA,39
Trinidad y Tabago,Américas,América Latina y el Caribe,2013,1412653,74.94,1.6,29960.08908,30.3612,10.289,59.9,137.604,15.0425,61.68,38
Trinidad y Tabago,Américas,América Latina y el Caribe,2014,1421131,74.9,1.6,30901.61425,31.1553,13.2,62.4,139.365,17.4585,NA,38
Trinidad y Tabago,Américas,América Latina y el Caribe,2015,1429188,74.92,1.6,30461.54589,30.7184,15.598,65.1,148.572,19.4881,NA,39
Trinidad y Tabago,Américas,América Latina y el Caribe,2016,1437026,74.78,1.6,27993.19045,28.4621,18.873,67.8,150.717,17.7853,NA,35
Trinidad y Tabago,Américas,América Latina y el Caribe,2017,1445261,74.8,1.59,26482.08383,26.9522,16.307,70.6,140.503,22.6102,61.92,41
Trinidad y Tabago,Américas,América Latina y el Caribe,2018,1470518,74.84,1.59,25865.92478,26.254,15.186,72.8,134.143,23.2707,NA,41
Trinidad y Tabago,Américas,América Latina y el Caribe,2019,1484894,74.88,1.58,25698.98419,26.0193,17.007,75,145.716,22.8528,NA,40
Trinidad y Tabago,Américas,América Latina y el Caribe,2020,1481024,75.06,1.57,23393.88928,24.0501,17.158,77.3,134.231,25.4399,NA,40
Trinidad y Tabago,Américas,América Latina y el Caribe,2021,1487717,73.61,1.56,23037.1433,23.6859,17.373,84.4,134.222,24.9299,NA,41
Túnez,África,África Septentrional,2010,10765980,76.15,2.08,10432.13862,11.66,1.805,36.8,103.235,4.47896,51.31,NA
Túnez,África,África Septentrional,2011,10886035,76.23,2.19,10091.30707,12.0554,1.654,39.1,113.794,5.13831,48.76,NA
Túnez,África,África Septentrional,2012,11009647,76.55,2.28,10383.31739,12.4642,1.721,41.4,116.66,4.78951,44.64,41
Túnez,África,África Septentrional,2013,11141361,76.69,2.31,10517.12906,12.8869,1.748,43.8,114.101,4.66715,52.46,41
Túnez,África,África Septentrional,2014,11274288,76.85,2.32,10720.08495,13.3239,1.845,46.2,126.692,5.03392,47.64,40
Túnez,África,África Septentrional,2015,11402264,77,2.31,10703.17372,13.7758,1.952,46.5,128.009,5.03389,51.32,38
Túnez,África,África Septentrional,2016,11528674,77.17,2.28,10704.32926,13.7773,1.9,49.6,123.883,5.55369,45.21,41
Túnez,África,África Septentrional,2017,11650498,77.32,2.21,10827.33732,13.9356,1.865,55.5,123.034,6.88198,41.24,42
Túnez,África,África Septentrional,2018,11765514,77.48,2.13,10998.3204,14.1557,2.338,64.2,125.533,8.6185,47.41,43
Túnez,África,África Septentrional,2019,11875081,77.71,2.1,11065.1405,14.2417,2.262,66.7,124.387,10.0542,43.15,43
Túnez,África,África Septentrional,2020,11974057,77,2,10020.95657,12.8658,2.072,68.6,124.042,11.1468,47.31,44
Túnez,África,África Septentrional,2021,12048622,75.44,1.8,10395.9143,13.3217,2.217,68.3,129.846,12.422,44.99,44
Türkiye,Asia,Asia Occidental,2010,73346769,76.72,2.08,19644.88806,16.7125,4.784,39.8,84.2159,9.67754,54.9,NA
Türkiye,Asia,Asia Occidental,2011,74215203,76.85,2.05,21526.84161,18.2822,5.175,43.1,88.0167,10.2289,52.72,NA
Türkiye,Asia,Asia Occidental,2012,75197198,77.04,2.11,22271.93132,18.9879,5.26,45.1,90.0041,10.4644,53.09,49
Türkiye,Asia,Asia Occidental,2013,76403031,77.04,2.11,23853.53234,19.7598,5.027,46.3,91.1758,11.6401,48.88,50
Türkiye,Asia,Asia Occidental,2014,78036154,77.09,2.19,24696.395,20.6373,5.088,51,92.1219,11.3619,55.8,45
Türkiye,Asia,Asia Occidental,2015,80014226,77.36,2.16,25851.83955,20.6753,5.153,53.7,92.0327,11.8786,55.14,42
Türkiye,Asia,Asia Occidental,2016,81652088,77.5,2.12,26353.94909,21.6815,5.147,58.3,91.9287,12.8591,53.26,41
Türkiye,Asia,Asia Occidental,2017,83083662,77.81,2.08,27966.00932,22.0782,5.357,64.7,93.6408,14.3529,56.07,40
Türkiye,Asia,Asia Occidental,2018,84415969,78.12,2,28421.34776,22.5459,5.128,71,94.9086,15.8823,51.86,41
Türkiye,Asia,Asia Occidental,2019,85357672,78.4,1.89,28247.23333,22.2029,4.712,74,94.6498,16.6733,48.72,39
Türkiye,Asia,Asia Occidental,2020,86091692,76.4,1.77,28494.73173,22.4578,4.753,77.7,95.3961,19.4384,48.62,40
Türkiye,Asia,Asia Occidental,2021,86686253,76.58,1.71,31466.55992,24.8187,4.996,81.4,99.5415,20.9211,43.67,38
Tuvalu,Oceanía,Polinesia,2010,10614,66.6,3.44,3334.66431,8.3686,0.697,14.6,15.0744,2.26116,NA,NA
Tuvalu,Oceanía,Polinesia,2011,10780,66.76,3.46,3512.09282,8.8139,0.69,16.5,19.7588,4.1744,NA,NA
Tuvalu,Oceanía,Polinesia,2012,10934,66.9,3.47,3388.59698,8.504,1.024,18.7,25.6082,4.1156,NA,NA
Tuvalu,Oceanía,Polinesia,2013,11001,67.05,3.39,3515.2001,8.8217,1.014,21.2,30.9063,4.09054,NA,NA
Tuvalu,Oceanía,Polinesia,2014,10984,67.2,3.33,3521.32807,8.8371,1.003,24.1,34.5958,4.09687,NA,NA
Tuvalu,Oceanía,Polinesia,2015,10963,67.36,3.31,3895.99728,9.7773,0.991,27.3,60.2025,4.10472,NA,NA
Tuvalu,Oceanía,Polinesia,2016,10930,67.5,3.3,4126.00877,10.3546,0.979,31,69.5334,4.11711,NA,NA
Tuvalu,Oceanía,Polinesia,2017,10869,67.65,3.3,4236.39878,10.6316,0.994,35.2,73.6038,4.14022,NA,NA
Tuvalu,Oceanía,Polinesia,2018,10751,67.79,3.33,4280.54276,10.7424,1.009,42.3,79.0624,NA,NA,NA
Tuvalu,Oceanía,Polinesia,2019,10581,67.94,3.33,4831.7353,12.1256,1.049,50.8,85.0581,NA,NA,NA
Tuvalu,Oceanía,Polinesia,2020,10399,68.05,3.31,4577.96485,11.4888,1,61,86.5468,NA,NA,NA
Tuvalu,Oceanía,Polinesia,2021,10194,68.23,3.28,4604.40125,11.5551,1.07,73.3,88.2872,4.41436,NA,NA
República Unida de Tanzanía,África,África Subsahariana,2010,44758488,61.06,5.23,1971.56371,2.9937,0.246,2.9,46.8824,0.01688,32.29,NA
República Unida de Tanzanía,África,África Subsahariana,2011,46029367,61.72,5.14,2063.22746,3.1144,0.307,3.2,55.761,0.06141,40.74,NA
República Unida de Tanzanía,África,África Subsahariana,2012,47374260,62.67,5.14,2094.36874,3.1395,0.32,3.95,57.4558,0.08723,40.07,35
República Unida de Tanzanía,África,África Subsahariana,2013,48824128,63.72,5.16,2170.11464,3.1649,0.375,4.4,56.2075,0.11557,38.52,33
República Unida de Tanzanía,África,África Subsahariana,2014,50351512,64.51,5.12,2245.42966,3.1904,0.368,7,63.2804,0.16802,34.83,31
República Unida de Tanzanía,África,África Subsahariana,2015,52020962,65.07,5.03,2305.72754,3.2162,0.38,10,76.2493,0.20376,36.61,30
República Unida de Tanzanía,África,África Subsahariana,2016,53824013,65.53,5.01,2380.25205,3.2422,0.313,13.5,74.3984,0.59169,29.03,32
República Unida de Tanzanía,África,África Subsahariana,2017,55652890,66.02,4.99,2457.37376,3.2684,0.295,14.5,71.7912,1.37184,33.47,36
República Unida de Tanzanía,África,África Subsahariana,2018,57437145,66.67,4.93,2510.80575,3.2947,0.301,15.5,75.7302,1.49944,34.45,36
República Unida de Tanzanía,África,África Subsahariana,2019,59174891,67.2,4.87,2577.78953,3.3826,0.306,16.6,80.5836,1.75692,36.4,37
República Unida de Tanzanía,África,África Subsahariana,2020,60972798,66.61,4.8,2551.5068,3.3482,0.285,17.8,84.0051,1.86248,37.86,38
República Unida de Tanzanía,África,África Subsahariana,2021,62830412,66.41,4.73,2583.34448,3.3899,0.304,19,86.0163,1.97842,36.81,39
Uganda,África,África Subsahariana,2010,32390802,59.33,6.02,1878.52092,3.4757,0.182,4.3,39.6047,0.04322,41.93,NA
Uganda,África,África Subsahariana,2011,33354543,60.35,5.89,1996.06558,3.5785,0.193,4.6,50.0591,0.10647,48.26,NA
Uganda,África,África Subsahariana,2012,34337438,61.42,5.73,2013.54634,3.6843,0.172,4.8,47.6343,0.11183,43.09,29
Uganda,África,África Subsahariana,2013,35337042,62.44,5.56,2026.62284,3.6487,0.17,5.1,51.1323,0.11744,37.1,26
Uganda,África,África Subsahariana,2014,36395539,63.21,5.41,2067.79542,3.6133,0.179,5.4,55.9572,0.15166,37.7,26
Uganda,África,África Subsahariana,2015,37531446,63.88,5.25,2108.86026,3.5783,0.179,5.8,53.8756,0.21508,42.38,25
Uganda,África,África Subsahariana,2016,38799152,64.03,5.11,2137.20728,3.5437,0.178,5.9,58.8634,0.23741,42.33,25
Uganda,África,África Subsahariana,2017,40177388,65.01,4.99,2128.39687,3.5341,0.189,NA,62.0968,NA,40.01,26
Uganda,África,África Subsahariana,2018,41565831,65.71,4.87,2186.90715,3.5246,0.187,NA,58.8754,NA,43.22,26
Uganda,África,África Subsahariana,2019,42999637,66.23,4.74,2250.01492,3.5151,0.189,NA,59.0598,0.07528,49.48,28
Uganda,África,África Subsahariana,2020,44457152,66.08,4.62,2240.49024,3.5002,0.167,7.4,62.2824,0.07782,46.41,27
Uganda,África,África Subsahariana,2021,45910930,65.92,4.51,2246.41411,3.5095,0.179,10,65.6221,0.08388,42.25,27
Ucrania,Europa,Europa Oriental,2010,46456003,70.82,1.44,12221.43963,11.8026,5.403,23.3,117.768,6.4549,50.58,NA
Ucrania,Europa,Europa Oriental,2011,46307853,71.45,1.46,12933.35657,12.2628,5.863,28.7,121.942,6.95621,50.83,NA
Ucrania,Europa,Europa Oriental,2012,46210056,71.56,1.53,12985.0871,12.7727,5.976,35.3,130.859,8.03755,50.3,26
Ucrania,Europa,Europa Oriental,2013,46126770,71.77,1.52,13020.59988,13.4917,5.997,41,138.441,8.85843,47.11,25
Ucrania,Europa,Europa Oriental,2014,45972380,71.69,1.47,12385.81399,12.9818,4.964,46.2,144.279,9.30621,42.97,26
Ucrania,Europa,Europa Oriental,2015,45784896,72.48,1.39,11216.1185,11.7012,4.132,48.9,142.003,11.6437,39.65,27
Ucrania,Europa,Europa Oriental,2016,45616832,72.87,1.39,11536.31604,11.8582,3.997,53,133.169,12.0343,40.29,29
Ucrania,Europa,Europa Oriental,2017,45436041,73.82,1.3,11860.56102,12.999,4.043,58.9,131.357,12.3535,43.11,30
Ucrania,Europa,Europa Oriental,2018,45208907,73.91,1.23,12336.92661,13.5891,4.774,62.6,127.754,12.8033,46.62,32
Ucrania,Europa,Europa Oriental,2019,44957458,73.84,1.22,12804.95482,14.9213,4.673,70.1,130.629,16.1591,47.02,30
Ucrania,Europa,Europa Oriental,2020,44680014,71.89,1.21,12407.78955,14.316,4.309,75,129.341,18.617,52.7,33
Ucrania,Europa,Europa Oriental,2021,44298640,70.95,1.15,12949.32617,14.9408,4.391,79.2,135.026,18.2678,53.11,32
Uruguay,Américas,América Latina y el Caribe,2010,3318580,76.53,2.01,19687.14633,24.382,2.929,46.4,133.707,11.5576,60.62,NA
Uruguay,Américas,América Latina y el Caribe,2011,3326825,76.42,1.99,20648.08064,26.2314,3.495,51.4,143.002,14.214,65.54,NA
Uruguay,Américas,América Latina y el Caribe,2012,3335401,76.55,2.01,21318.42604,26.2109,3.773,54.5,149.771,17.409300000000002,64.5,72
Uruguay,Américas,América Latina y el Caribe,2013,3345337,76.78,2.03,22240.79197,27.272,3.653,57.7,157.471,22.033,64.44,73
Uruguay,Américas,América Latina y el Caribe,2014,3356334,77.08,2.03,22890.16297,28.7847,3.34,61.5,163.783,25.0351,65.61,73
Uruguay,Américas,América Latina y el Caribe,2015,3368017,77.14,2.04,22899.70356,29.2014,3.145,64.6,153.368,26.7497,66.28,74
Uruguay,Américas,América Latina y el Caribe,2016,3379283,77.29,1.97,23211.98165,28.6599,2.849,66.4,151.415,27.2743,61.71,71
Uruguay,Américas,América Latina y el Caribe,2017,3388438,77.34,1.82,23557.75607,29.7614,2.898,70.3,150.44,28.1333,63.36,70
Uruguay,Américas,América Latina y el Caribe,2018,3394534,77.45,1.68,23563.17384,29.2754,3.075,80.7,131.363,28.7931,63.72,70
Uruguay,Américas,América Latina y el Caribe,2019,3397206,77.53,1.57,23772.49083,28.7793,3.034,83.4,133.237,29.8013,66,71
Uruguay,Américas,América Latina y el Caribe,2020,3398968,78.45,1.5,22013.71051,26.616,2.937,85.5,133.902,31.2948,63.1,71
Uruguay,Américas,América Latina y el Caribe,2021,3396695,75.45,1.45,23257.25641,27.0205,3.143,87.6,138.113,32.5451,65.02,73
Estados Unidos,Américas,América Septentrional,2010,311062790,78.89,1.92,53574.75191,68.5799,19.084,71.7,91.6593,27.172,71.64,NA
Estados Unidos,Américas,América Septentrional,2011,314105078,78.93,1.88,54018.84706,69.4069,18.45,69.7,94.683,28.117,71.15,NA
Estados Unidos,Américas,América Septentrional,2012,317115355,79.03,1.86,54851.52934,69.6623,17.765,74.7,96.1284,29.1736,70.26,73
Estados Unidos,Américas,América Septentrional,2013,320110759,79.08,1.84,55626.43976,69.2318,17.884,71.4,97.0595,29.9996,72.49,73
Estados Unidos,Américas,América Septentrional,2014,323115377,79.08,1.85,56613.64208,69.657,18.043,73,99.8396,30.2709,71.51,74
Estados Unidos,Américas,América Septentrional,2015,326126497,78.99,1.83,57853.7246,72.2907,17.755,74.6,101.832,31.3412,68.64,76
Estados Unidos,Américas,América Septentrional,2016,329179427,78.86,1.8,58481.00788,75.6299,17.215,85.5,102.752,32.1144,68.04,74
Estados Unidos,Américas,América Septentrional,2017,332204660,78.98,1.75,59540.37752,76.5757,16.994,87.3,102.381,32.5703,69.92,75
Estados Unidos,Américas,América Septentrional,2018,335056497,78.95,1.72,60984.75397,80.5857,17.381,88.5,103.935,33.0559,68.83,71
Estados Unidos,Américas,América Septentrional,2019,337790067,78.93,1.68,62205.35326,85.8747,16.934,89.4,105.321,33.8352,69.44,69
Estados Unidos,Américas,América Septentrional,2020,339436159,77.22,1.62,60241.87596,88.0125,15.387,90.3,103.855,35.7157,70.28,67
Estados Unidos,Américas,América Septentrional,2021,340161441,77,1.63,63635.82381,87.6035,16.124,91.3,106.325,37.0074,69.59,67
Uzbekistán,Asia,Asia Central,2010,28385506,66.48,2.44,4953.96137,2.2771,3.635,15.9,73.8123,0.4157,50.95,NA
Uzbekistán,Asia,Asia Central,2011,28823196,66.57,2.35,5185.68462,2.3836,3.904,18.6,88.2685,0.51264,57.39,NA
Uzbekistán,Asia,Asia Central,2012,29261903,66.69,2.34,5472.83351,2.5156,3.912,23.6,69.2849,0.7538,60.19,17
Uzbekistán,Asia,Asia Central,2013,29724065,66.97,2.45,5781.15657,2.6573,3.432,26.8,72.332,1.03048,59.4,17
Uzbekistán,Asia,Asia Central,2014,30222994,67.15,2.55,6075.19222,2.7925,3.437,35.5,71.5985,2.71465,60.49,18
Uzbekistán,Asia,Asia Central,2015,30749346,67.3,2.58,6401.11517,2.9423,3.305,42.8,70.8415,5.81406,59.72,19
Uzbekistán,Asia,Asia Central,2016,31284568,67.56,2.56,6663.94961,3.0631,2.897,46.8,74.367,8.77864,58.93,21
Uzbekistán,Asia,Asia Central,2017,31819178,67.85,2.57,6840.70986,3.1443,2.921,48.7,76.2605,10.4346,64.21,22
Uzbekistán,Asia,Asia Central,2018,32373490,68.12,2.71,7118.20371,3.2719,2.813,55.2,71.7444,12.7373,62.05,23
Uzbekistán,Asia,Asia Central,2019,32964701,68.44,2.87,7403.74278,3.4031,2.778,70.4,101.26,10.5554,61.54,25
Uzbekistán,Asia,Asia Central,2020,33586372,67.47,3.06,7407.72764,3.405,2.65,71.1,99.4064,15.807,58.42,26
Uzbekistán,Asia,Asia Central,2021,34243696,67.98,3.27,7800.5015,3.5855,2.749,76.6,102.41,21.8944,61.85,28
San Vicente y las Granadinas,Américas,América Latina y el Caribe,2010,109959,73.11,2.14,11571.14319,11.7225,2.032,33.7,119.855,11.3697,NA,NA
San Vicente y las Granadinas,Américas,América Latina y el Caribe,2011,109349,73.21,2.08,11565.00024,11.7163,1.828,36.7,120.54,12.1163,NA,NA
San Vicente y las Granadinas,Américas,América Latina y el Caribe,2012,108736,73.03,2.11,11767.32434,11.9213,2.333,40,116.789,12.5221,NA,62
San Vicente y las Granadinas,Américas,América Latina y el Caribe,2013,108135,72.48,2.11,12128.12253,12.2868,1.924,43.5,115.946,13.5053,NA,62
San Vicente y las Granadinas,Américas,América Latina y el Caribe,2014,107535,72.61,2.14,12341.5488,12.4901,2.021,47.4,106.958,13.6848,NA,62
San Vicente y las Granadinas,Américas,América Latina y el Caribe,2015,106960,72.57,2.13,12736.25922,12.8898,2.016,49.4,105.994,15.8564,NA,NA
San Vicente y las Granadinas,Américas,América Latina y el Caribe,2016,106349,72.63,2.06,13329.2635,13.4905,2.01,51.5,105.924,20.5597,NA,60
San Vicente y las Granadinas,Américas,América Latina y el Caribe,2017,105663,72.73,1.94,13575.42146,13.753,2.021,53.7,109.635,18.2401,NA,58
San Vicente y las Granadinas,Américas,América Latina y el Caribe,2018,104926,72.83,1.9,14042.17866,14.2259,2.028,56,107.164,23.4575,NA,58
San Vicente y las Granadinas,Américas,América Latina y el Caribe,2019,104167,72.95,1.86,14183.19376,14.3688,2.021,59.6,92.5178,20.8463,NA,59
San Vicente y las Granadinas,Américas,América Latina y el Caribe,2020,103526,72.24,1.83,13690.96494,13.8701,1.876,63.4,96.9438,23.8906,NA,59
San Vicente y las Granadinas,Américas,América Latina y el Caribe,2021,102841,69.74,1.81,13833.83128,14.0148,2.008,67.4,95.5174,27.102,NA,59
Venezuela,Américas,América Latina y el Caribe,2010,28813101,75.3,2.4,18626.208,11.9406,4.542,37.4,96.762,5.80665,74.78,NA
Venezuela,Américas,América Latina y el Caribe,2011,29185212,75.4,2.4,19122.778,12.2589,4.132,40.2,98.6184,6.22109,65.8,NA
Venezuela,Américas,América Latina y el Caribe,2012,29553826,75.23,2.38,19908.776,12.7628,2.985,49.1,103.435,6.89152,70.67,19
Venezuela,Américas,América Latina y el Caribe,2013,29912198,75.55,2.33,19891.126,12.7515,3.553,54.9,103.289,7.46662,65.53,20
Venezuela,Américas,América Latina y el Caribe,2014,30254079,75.58,2.3,18850.658,12.0845,4.946,57,100.905,7.93309,61.36,19
Venezuela,Américas,América Latina y el Caribe,2015,30573972,75.67,2.25,17439.051,11.1795,2.888,58,95.1578,8.47032,55.69,17
Venezuela,Américas,América Latina y el Caribe,2016,30765720,75.62,2.22,14423.283,9.2462,2.291,60,89.7131,8.49644,40.41,17
Venezuela,Américas,América Latina y el Caribe,2017,30565323,75.52,2.18,12271.362,7.8667,2.143,61.6,80.1355,8.53199,50.71,18
Venezuela,Américas,América Latina y el Caribe,2018,29807592,75.44,2.15,10384.299,6.657,1.17,NA,69.55,8.73797,50.06,18
Venezuela,Américas,América Latina y el Caribe,2019,28938098,75.05,2.13,7804.256,5.003,0.198,NA,63.8474,8.85037,50.81,16
Venezuela,Américas,América Latina y el Caribe,2020,28444077,73.94,2.12,5437.238,3.4856,0.631,NA,58.1626,9.00606,45.74,15
Venezuela,Américas,América Latina y el Caribe,2021,28237826,73.38,2.11,5564.19,3.567,0.66,NA,60.2345,9.24244,51.08,14
Viet Nam,Asia,Asia Sudoriental,2010,87455152,73.21,1.91,6325.00889,9.6244,1.154,30.7,127.574,4.19566,52.96,NA
Viet Nam,Asia,Asia Sudoriental,2011,88468314,73.33,1.93,6659.17536,9.7601,1.199,35.1,143.914,4.33851,57.67,NA
Viet Nam,Asia,Asia Sudoriental,2012,89510356,73.47,1.97,6950.81813,9.8976,1.152,36.8,147.104,5.33499,55.35,31
Viet Nam,Asia,Asia Sudoriental,2013,90573104,73.6,1.98,7258.2839,10.1834,1.189,38.5,136.614,5.68886,50.23,31
Viet Nam,Asia,Asia Sudoriental,2014,91679578,73.74,2.09,7642.49299,10.4775,1.387,41,148.504,6.54511,50.85,31
Viet Nam,Asia,Asia Sudoriental,2015,92823254,73.88,2.1,8091.70721,11.2593,1.607,45,129.627,8.24968,50.76,31
Viet Nam,Asia,Asia Sudoriental,2016,94000117,74.02,2,8546.35435,12.0995,1.636,53,128.298,9.67902,50.62,33
Viet Nam,Asia,Asia Sudoriental,2017,95176977,74.16,1.99,9051.37902,12.7618,1.594,58.1,126.098,11.841,51.75,35
Viet Nam,Asia,Asia Sudoriental,2018,96237319,74.3,1.88,9636.74904,13.4604,1.81,69.8,146.138,13.5025,52.96,33
Viet Nam,Asia,Asia Sudoriental,2019,97173776,74.46,1.94,10252.7865,14.233,2.187,68.7,140.193,15.2329,54.67,37
Viet Nam,Asia,Asia Sudoriental,2020,98079191,75.75,1.96,10451.41954,15.0499,2.096,70.3,141.656,17.0263,54.62,36
Viet Nam,Asia,Asia Sudoriental,2021,98935098,73.99,1.94,10628.21917,15.3057,2.125,74.2,136.806,19.5362,55.4,39
Vanuatu,Oceanía,Melanesia,2010,238248,64.41,4.13,3038.82057,5.2963,0.512,8,71.3269,0.20986,NA,NA
Vanuatu,Oceanía,Melanesia,2011,243474,64.5,4.09,3061.3824,5.3112,0.544,9.2,56.2508,0.13841,NA,NA
Vanuatu,Oceanía,Melanesia,2012,248883,64.67,4.06,3019.96944,5.3261,0.456,10.6,58.6959,0.12456,NA,NA
Vanuatu,Oceanía,Melanesia,2013,254482,64.81,4.04,2962.34375,5.341,0.414,11.3,50.0012,0.12182,NA,NA
Vanuatu,Oceanía,Melanesia,2014,260240,64.84,4,2982.90701,5.356,0.584,18.8,59.9643,1.75569,NA,NA
Vanuatu,Oceanía,Melanesia,2015,266101,64.96,3.95,2923.3255,5.3711,0.487,22.4,65.6961,1.6148,NA,NA
Vanuatu,Oceanía,Melanesia,2016,272087,65.14,3.92,2987.12988,5.3861,0.527,24,80.3431,1.61198,NA,NA
Vanuatu,Oceanía,Melanesia,2017,278507,65.25,3.88,3099.01123,5.4012,0.527,30.8,81.8708,NA,NA,43
Vanuatu,Oceanía,Melanesia,2018,285259,65.35,3.83,3113.17316,5.4164,0.529,34,88.1403,NA,NA,46
Vanuatu,Oceanía,Melanesia,2019,291985,65.45,3.79,3139.04761,5.4316,0.55,37.5,90.8331,2.70151,NA,46
Vanuatu,Oceanía,Melanesia,2020,298858,65.85,3.74,2912.66331,5.0399,0.524,41.4,82.391,0.93188,NA,43
Vanuatu,Oceanía,Melanesia,2021,305868,65.99,3.7,2800.49387,4.9541,0.561,45.7,81.6914,1.03214,NA,45
Samoa,Oceanía,Polinesia,2010,193023,69.64,4.52,5808.04472,10.5432,1.006,7,46.6266,0.10361,NA,NA
Samoa,Oceanía,Polinesia,2011,194713,69.71,4.56,5980.02459,10.4291,1.076,11,NA,NA,NA,NA
Samoa,Oceanía,Polinesia,2012,196498,69.63,4.55,5705.32465,10.3163,1.047,12.9,51.0448,0.55166,NA,NA
Samoa,Oceanía,Polinesia,2013,198268,69.89,4.49,5659.59889,10.2047,1.038,15.3,50.3798,0.62441,NA,NA
Samoa,Oceanía,Polinesia,2014,200037,69.98,4.42,5645.61364,10.1795,1.087,21.2,53.2521,1.01031,NA,NA
Samoa,Oceanía,Polinesia,2015,201782,70.06,4.34,5810.7457,10.4772,1.213,25.4,59.7263,1.0328,NA,NA
Samoa,Oceanía,Polinesia,2016,203499,70.16,4.26,6214.43765,11.2051,1.263,31.7,74.2058,1.06585,NA,NA
Samoa,Oceanía,Polinesia,2017,205415,70.27,4.2,6238.51748,11.2486,1.291,39.4,60.4683,0.8237,NA,NA
Samoa,Oceanía,Polinesia,2018,207582,70.38,4.14,6139.24876,11.0696,1.322,43.1,48.1737,0.8151,NA,NA
Samoa,Oceanía,Polinesia,2019,209780,70.49,4.06,6345.86315,11.4421,1.374,47.2,40.0419,0.80656,NA,NA
Samoa,Oceanía,Polinesia,2020,211944,71.08,4,6062.09613,10.9305,1.31,51.7,32.5558,0.79832,NA,NA
Samoa,Oceanía,Polinesia,2021,213779,71.08,3.94,5534.22289,9.978,1.401,56.6,32.2763,0.79147,NA,NA
Yemen,Asia,Asia Occidental,2010,26754387,67.61,4.81,4284.614,4.7941,1.001,12.4,41.4325,0.31397,43.5,NA
Yemen,Asia,Asia Occidental,2011,27582897,67.76,4.63,3632.281,4.7158,0.849,14.9,42.3016,0.39517,37.46,NA
Yemen,Asia,Asia Occidental,2012,28433647,67.92,4.63,3612.52,4.6388,0.747,17.4,48.8857,0.58839,40.61,23
Yemen,Asia,Asia Occidental,2013,29312952,68.43,4.62,3679.406,4.5631,0.994,20,57.465,0.87606,42.18,18
Yemen,Asia,Asia Occidental,2014,30226309,68.47,4.62,3569.535,4.4885,0.937,22.6,56.5732,1.12485,39.68,19
Yemen,Asia,Asia Occidental,2015,31159379,68.16,4.62,2499.784,3.1434,0.48,24.1,48.2101,1.26768,29.83,18
Yemen,Asia,Asia Occidental,2016,32109010,67.48,4.61,2206.237,2.7743,0.377,24.6,51.179,0.86025,38.26,14
Yemen,Asia,Asia Occidental,2017,33090921,67.29,4.61,2040.665,2.5661,0.363,26.7,46.4111,1.1151199999999999,32.54,16
Yemen,Asia,Asia Occidental,2018,34085182,66.08,4.61,2004.593,2.5207,0.356,NA,44.881100000000004,1.13343,30.58,14
Yemen,Asia,Asia Occidental,2019,35111408,67.74,4.6,1997.34,2.5116,0.365,NA,43.399,1.08797,41.97,15
Yemen,Asia,Asia Occidental,2020,36134863,67.28,4.6,1784.012,2.2433,0.362,13.8,42.0038,1.08206,NA,15
Yemen,Asia,Asia Occidental,2021,37140230,66.35,4.6,1727.547,2.1723,0.387,NA,47.809,1.09217,NA,16
Sudáfrica,África,África Subsahariana,2010,52344051,57.07,2.45,13443.24156,12.6934,6.203,24,96.2325,1.41945,46.52,NA
Sudáfrica,África,África Subsahariana,2011,52995205,58.67,2.44,13695.07625,12.5015,6.071,34,120.766,1.71148,49.31,NA
Sudáfrica,África,África Subsahariana,2012,53782567,60.13,2.45,13838.08423,12.3125,6.39,41,127.168,2.05866,51.34,43
Sudáfrica,África,África Subsahariana,2013,54678791,61.29,2.43,13990.22867,12.1264,6.204,46.5,140.576,2.954,36.61,42
Sudáfrica,África,África Subsahariana,2014,55594838,61.82,2.42,13966.13462,11.9431,6.097,49,142.604,3.06919,48.28,44
Sudáfrica,África,África Subsahariana,2015,56723537,62.26,2.36,13860.28136,11.8525,5.756,51.9,155.138,2.48459,48.87,44
Sudáfrica,África,África Subsahariana,2016,57259551,62.7,2.26,13817.42936,11.8159,5.68,54,143.929,2.00974,47.7,45
Sudáfrica,África,África Subsahariana,2017,57635162,63.2,2.28,13923.40098,11.9065,5.55,56.2,153.548,1.94879,45.14,43
Sudáfrica,África,África Subsahariana,2018,58613001,64.42,2.27,13967.9239,11.9405,5.42,62.4,157.692,1.88868,48.84,43
Sudáfrica,África,África Subsahariana,2019,59587885,65.14,2.26,13824.03571,11.8227,5.683,69.7,162.739,2.09834,50.35,44
Sudáfrica,África,África Subsahariana,2020,60562381,64.24,2.26,12841.61834,10.9382,5.114,72.1,158.447,2.15159,49.47,44
Sudáfrica,África,África Subsahariana,2021,61502603,61.37,2.25,13311.9257,11.3615,5.077,75,163.128,2.75541,55.99,44
Zambia,África,África Subsahariana,2010,13965594,56.54,5.36,3035.86671,2.6798,0.392,3,39.0029,0.07352,NA,NA
Zambia,África,África Subsahariana,2011,14437796,57.45,5.26,3098.51458,2.7363,0.493,3.5,56.5499,0.1137,49.99,NA
Zambia,África,África Subsahariana,2012,14913629,58.55,5.14,3225.64893,2.794,0.503,4.1,70.5709,0.10057,50.13,37
Zambia,África,África Subsahariana,2013,15398997,59.48,5.01,3279.72358,2.8529,0.511,4.8,67.5096,0.08732,52.44,38
Zambia,África,África Subsahariana,2014,15895315,60.19,4.89,3323.94636,2.913,0.56,6.5,63.6343,0.1291,43.46,38
Zambia,África,África Subsahariana,2015,16399089,60.8,4.78,3313.54703,2.9744,0.519,8.8,70.4778,0.14263,48.43,38
Zambia,África,África Subsahariana,2016,16914423,61.39,4.67,3331.45212,2.9911,0.471,10.3,71.0461,0.18791,43.48,38
Zambia,África,África Subsahariana,2017,17441320,61.86,4.57,3343.18386,3.001,0.474,12.2,77.05,0.2059,39.33,37
Zambia,África,África Subsahariana,2018,17973569,62.52,4.49,3373.18383,3.0279,0.467,14.3,86.0723,0.40186,40.41,35
Zambia,África,África Subsahariana,2019,18513839,63.18,4.42,3320.41925,2.9806,0.487,18.7,93.0148,0.48013,33.07,34
Zambia,África,África Subsahariana,2020,19059395,62.77,4.32,3134.61745,2.8138,0.388,24.5,100.235,0.4319,48.38,33
Zambia,África,África Subsahariana,2021,19603607,61.61,4.25,3236.78898,2.8608,0.416,32.5,103.283,0.41111,30.82,33
Zimbabwe,África,África Subsahariana,2010,13356548,52.32,4.04,1799.54023,4.8325,0.733,6.4,57.6496,0.24707,46.82,NA
Zimbabwe,África,África Subsahariana,2011,13595424,54.41,4.13,2033.18137,5.4599,0.817,8.4,67.6698,0.25008,48.46,NA
Zimbabwe,África,África Subsahariana,2012,13817887,56.04,4.13,2310.80722,5.2688,0.906,12,91.287,0.52038,49.55,20
Zimbabwe,África,África Subsahariana,2013,14013808,57.22,4.11,2333.64453,5.0844,0.906,15.5,97.2838,0.74153,46.9,21
Zimbabwe,África,África Subsahariana,2014,14207359,57.98,4.01,2316.95454,4.9065,0.929,16.4,83.0461,1.07152,41.84,21
Zimbabwe,África,África Subsahariana,2015,14399013,58.58,3.91,2313.87855,4.7348,0.955,22.7,88.5992,1.13888,37.03,21
Zimbabwe,África,África Subsahariana,2016,14600294,59.23,3.83,2286.62355,4.5691,0.821,23.1,88.21,1.1701,37.35,22
Zimbabwe,África,África Subsahariana,2017,14812482,59.87,3.77,2331.78083,4.4092,0.708,24.4,95.1367,1.26454,36.38,22
Zimbabwe,África,África Subsahariana,2018,15034452,60.64,3.74,2399.62155,4.4545,0.83,25,85.8627,1.3506,36.16,22
Zimbabwe,África,África Subsahariana,2019,15271368,61.04,3.75,2203.39681,4.5002,0.783,26.6,86.4094,1.33861,26.94,24
Zimbabwe,África,África Subsahariana,2020,15526888,60.87,3.75,1990.31942,4.065,0.737,29.3,84.9604,1.31038,31.6,24
Zimbabwe,África,África Subsahariana,2021,15797210,59.01,3.77,2115.14455,4.3199,0.789,37.1,90.2538,1.29981,31.55,23
